,State,Account Length,Area Code,Phone,Int'l Plan,VMail Plan,VMail Message,Day Mins,Day Calls,Day Charge,Eve Mins,Eve Calls,Eve Charge,Night Mins,Night Calls,Night Charge,Intl Mins,Intl Calls,Intl Charge,CustServ Calls,Churn?
176,MN,62,415,409-2111,no,no,0,147.1,91,25.01,190.4,107,16.18,195.2,115,8.78,12.2,3,3.29,0,False.
2618,MD,116,510,399-5424,yes,yes,27,175.5,137,29.84,210.6,60,17.9,294.8,121,13.27,6.9,5,1.86,1,False.
1181,MI,67,510,392-4929,no,yes,35,245.4,89,41.72,148.2,102,12.6,274.0,136,12.33,7.5,6,2.03,1,False.
504,NM,80,510,334-9806,no,no,0,206.3,97,35.07,154.9,98,13.17,263.6,82,11.86,12.4,12,3.35,0,False.
3218,NC,104,415,357-2429,no,yes,18,182.1,66,30.96,213.6,65,18.16,193.0,108,8.69,13.4,9,3.62,2,False.
1463,ID,87,415,370-7546,no,no,0,156.8,93,26.66,215.8,68,18.34,223.3,77,10.05,7.6,6,2.05,1,False.
104,IN,122,408,397-4976,no,no,0,170.5,94,28.99,173.7,109,14.76,248.6,75,11.19,11.3,2,3.05,1,False.
33,AZ,12,408,360-1596,no,no,0,249.6,118,42.43,252.4,119,21.45,280.2,90,12.61,11.8,3,3.19,1,True.
302,RI,121,408,329-7347,no,no,0,170.4,108,28.97,350.5,68,29.79,297.0,87,13.37,11.2,3,3.02,0,True.
2975,WV,80,415,382-3512,no,no,0,151.5,89,25.76,131.7,78,11.19,235.3,131,10.59,11.8,4,3.19,0,False.
4,OK,75,415,330-6626,yes,no,0,166.7,113,28.34,148.3,122,12.61,186.9,121,8.41,10.1,3,2.73,3,False.
1758,OH,134,408,355-6826,no,no,0,202.7,105,34.46,224.9,90,19.12,253.9,108,11.43,12.1,7,3.27,0,False.
965,AZ,73,415,328-1522,no,no,0,175.4,130,29.82,248.1,105,21.09,122.4,85,5.51,12.2,4,3.29,0,False.
2507,VT,43,408,331-8713,no,no,0,135.8,125,23.09,163.2,88,13.87,229.8,106,10.34,12.6,3,3.4,0,False.
2482,MT,157,408,417-3257,no,no,0,240.2,67,40.83,153.0,98,13.01,249.0,72,11.21,10.2,6,2.75,2,False.
1054,AK,50,408,362-8331,no,no,0,183.6,107,31.21,58.6,118,4.98,202.6,99,9.12,8.7,3,2.35,1,False.
1165,VT,50,415,387-5891,yes,yes,26,307.1,94,52.21,289.4,78,24.6,174.9,109,7.87,8.0,3,2.16,0,False.
3020,ND,127,415,399-1021,no,yes,23,182.0,80,30.94,216.1,85,18.37,156.9,82,7.06,9.8,4,2.65,1,False.
2417,GA,120,408,409-6753,no,no,0,98.2,99,16.69,186.7,85,15.87,146.7,96,6.6,9.3,4,2.51,2,False.
627,DE,87,510,374-6966,no,no,0,256.2,105,43.55,160.7,102,13.66,249.4,80,11.22,7.4,2,2.0,4,False.
148,LA,121,408,390-8760,no,no,0,181.5,121,30.86,218.4,98,18.56,161.6,103,7.27,8.5,5,2.3,1,False.
2414,IL,16,415,342-2013,yes,no,0,110.0,91,18.7,147.3,75,12.52,190.5,73,8.57,6.4,7,1.73,0,False.
36,AK,36,408,341-9764,no,yes,30,146.3,128,24.87,162.5,80,13.81,129.3,109,5.82,14.5,6,3.92,0,False.
2903,DE,97,415,390-5267,no,yes,32,183.4,94,31.18,269.1,120,22.87,203.5,38,9.16,6.7,4,1.81,5,False.
470,NE,44,415,416-8697,no,no,0,240.3,146,40.85,164.6,83,13.99,240.7,106,10.83,10.6,2,2.86,1,False.
393,PA,112,510,352-9017,no,no,0,217.1,76,36.91,205.2,100,17.44,185.7,91,8.36,9.4,3,2.54,2,False.
594,WV,90,415,344-4478,no,no,0,205.7,138,34.97,161.9,83,13.76,269.7,104,12.14,12.5,6,3.38,2,False.
1001,TN,140,415,372-3987,no,no,0,125.3,84,21.3,167.6,121,14.25,260.6,94,11.73,8.4,4,2.27,1,False.
678,NY,65,510,383-8878,no,no,0,195.4,110,33.22,181.2,109,15.4,178.5,105,8.03,8.9,4,2.4,0,False.
2034,MT,60,415,387-4504,no,no,0,145.0,133,24.65,209.1,92,17.77,328.5,112,14.78,14.6,2,3.94,1,False.
1944,HI,131,415,406-8324,no,yes,30,174.0,118,29.58,205.3,81,17.45,218.2,90,9.82,6.7,3,1.81,1,False.
2545,PA,141,510,414-6739,no,no,0,146.5,121,24.91,169.9,125,14.44,238.8,112,10.75,8.2,5,2.21,0,False.
2291,OR,69,408,375-9180,no,no,0,196.1,87,33.34,236.8,66,20.13,182.3,75,8.2,11.9,1,3.21,0,False.
1908,MA,88,408,383-5109,no,yes,45,80.3,140,13.65,153.3,101,13.03,309.2,123,13.91,12.8,3,3.46,2,False.
971,TN,59,415,399-5564,no,no,0,160.9,95,27.35,251.2,65,21.35,273.4,97,12.3,5.0,5,1.35,3,False.
3252,MI,63,510,396-1278,no,no,0,185.3,87,31.5,225.3,87,19.15,194.3,93,8.74,11.7,3,3.16,0,False.
1186,TN,130,415,386-7456,no,yes,12,141.9,92,24.12,228.9,102,19.46,195.1,101,8.78,8.7,5,2.35,0,False.
1755,MO,80,408,405-4420,yes,yes,15,159.3,110,27.08,170.6,120,14.5,141.2,82,6.35,11.9,5,3.21,1,False.
1681,CO,110,510,345-8350,no,no,0,131.9,93,22.42,272.7,106,23.18,192.8,105,8.68,7.1,4,1.92,1,False.
2342,MI,61,415,342-8348,no,no,0,188.9,105,32.11,153.6,116,13.06,213.3,106,9.6,10.2,2,2.75,2,False.
2985,IN,7,415,358-9146,no,no,0,206.7,87,35.14,281.1,83,23.89,158.5,77,7.13,11.0,5,2.97,3,False.
718,AK,127,408,383-9255,no,no,0,182.3,124,30.99,169.9,110,14.44,184.0,116,8.28,9.3,3,2.51,1,False.
110,MI,120,408,409-3786,no,no,0,165.0,100,28.05,317.2,83,26.96,119.2,86,5.36,8.3,8,2.24,1,False.
1218,KS,131,415,401-5012,no,yes,28,249.6,87,42.43,227.2,138,19.31,239.9,92,10.8,7.6,3,2.05,3,False.
2627,AK,86,408,389-4602,no,no,0,150.8,85,25.64,295.9,88,25.15,247.2,104,11.12,12.5,1,3.38,1,False.
168,AZ,94,408,390-7434,no,yes,38,170.1,124,28.92,193.3,116,16.43,105.9,73,4.77,12.8,4,3.46,1,False.
188,WY,164,510,373-4819,no,no,0,160.6,111,27.3,163.2,126,13.87,187.1,112,8.42,9.0,3,2.43,1,False.
163,MI,62,415,409-8743,no,no,0,98.9,103,16.81,135.4,122,11.51,236.6,82,10.65,12.2,1,3.29,1,False.
931,WV,77,510,355-4143,no,no,0,67.7,68,11.51,195.7,86,16.63,236.5,137,10.64,12.0,2,3.24,1,False.
1867,NH,142,408,383-2901,yes,yes,25,191.1,109,32.49,149.6,120,12.72,227.8,60,10.25,9.8,3,2.65,0,False.
2019,ME,41,415,399-6642,no,yes,30,191.7,109,32.59,193.0,86,16.41,149.4,93,6.72,11.1,4,3.0,1,False.
1008,MO,168,415,339-9026,no,yes,42,97.4,57,16.56,203.6,98,17.31,173.9,124,7.83,11.4,2,3.08,2,False.
292,WI,94,510,355-6930,no,no,0,177.1,112,30.11,194.0,112,16.49,146.7,108,6.6,5.9,4,1.59,1,False.
1752,NY,181,415,421-8537,yes,no,0,161.3,83,27.42,124.4,83,10.57,262.0,98,11.79,14.1,3,3.81,0,True.
1137,TX,19,510,409-3520,no,yes,34,156.6,97,26.62,224.2,97,19.06,260.9,135,11.74,11.3,1,3.05,1,False.
2128,MT,73,408,394-9942,no,yes,26,131.2,98,22.3,106.5,97,9.05,221.7,96,9.98,10.2,6,2.75,2,False.
2265,AK,126,415,333-5295,no,yes,31,278.0,88,47.26,253.2,65,21.52,223.2,114,10.04,8.7,4,2.35,0,False.
1613,AL,95,415,390-3565,no,no,0,194.6,114,33.08,232.8,106,19.79,173.4,92,7.8,3.8,2,1.03,3,False.
3261,VT,131,415,416-8394,no,no,0,175.1,73,29.77,171.9,116,14.61,131.1,94,5.9,7.3,6,1.97,1,False.
2643,MI,74,415,386-4215,no,no,0,124.8,114,21.22,133.0,121,11.31,160.3,85,7.21,10.6,7,2.86,3,False.
2355,ND,118,408,419-3427,no,no,0,224.6,94,38.18,225.9,120,19.2,269.0,105,12.11,12.5,8,3.38,2,False.
2902,AK,61,415,346-8863,no,yes,15,252.4,106,42.91,187.8,69,15.96,259.6,137,11.68,10.0,3,2.7,2,False.
438,WY,113,510,352-6573,no,no,0,155.0,93,26.35,330.6,106,28.1,189.4,123,8.52,13.5,3,3.65,1,False.
1833,IL,70,408,382-6827,no,no,0,208.7,97,35.48,275.5,83,23.42,182.5,122,8.21,8.0,3,2.16,2,False.
886,DC,103,510,386-2317,no,yes,31,107.7,124,18.31,188.9,104,16.06,196.2,98,8.83,8.9,3,2.4,0,False.
489,IA,130,415,361-5277,no,no,0,150.4,119,25.57,230.5,99,19.59,186.3,76,8.38,12.3,4,3.32,1,False.
2401,NY,126,415,352-7752,yes,no,0,239.7,87,40.75,281.7,92,23.94,183.5,113,8.26,11.4,1,3.08,1,True.
241,NV,137,415,338-1027,yes,no,0,135.1,95,22.97,134.1,102,11.4,223.1,81,10.04,12.3,2,3.32,2,True.
865,MD,52,415,352-1798,no,no,0,209.8,114,35.67,171.3,82,14.56,154.6,119,6.96,9.9,9,2.67,4,False.
1883,SC,140,510,347-9769,no,yes,28,157.1,77,26.71,172.4,97,14.65,184.5,94,8.3,11.1,9,3.0,1,False.
2673,ND,180,415,369-1929,no,no,0,224.9,105,38.23,250.0,101,21.25,216.1,73,9.72,6.7,5,1.81,3,True.
3075,CO,181,510,370-9592,no,yes,40,105.2,61,17.88,341.3,79,29.01,165.7,97,7.46,6.3,3,1.7,2,False.
2804,LA,27,408,348-7556,no,no,0,82.6,105,14.04,204.0,99,17.34,224.2,122,10.09,9.1,4,2.46,1,False.
1121,MI,91,415,390-7930,no,no,0,154.4,165,26.25,168.3,121,14.31,239.9,81,10.8,11.7,4,3.16,5,True.
3201,MN,59,408,386-3796,no,yes,32,211.9,120,36.02,202.9,136,17.25,213.5,95,9.61,8.8,5,2.38,1,False.
2353,MO,101,415,417-7913,yes,no,0,133.5,51,22.7,219.6,96,18.67,210.0,74,9.45,11.7,4,3.16,1,False.
1298,AZ,141,510,369-6012,no,yes,22,215.4,123,36.62,328.7,98,27.94,160.5,89,7.22,7.8,6,2.11,1,False.
3093,SD,27,510,359-3423,no,no,0,226.3,95,38.47,274.3,109,23.32,242.7,119,10.92,8.2,3,2.21,2,True.
2241,WA,56,415,335-5806,no,yes,29,37.7,115,6.41,144.1,111,12.25,226.6,101,10.2,4.9,3,1.32,1,False.
2366,MS,122,408,402-8930,no,yes,45,147.8,85,25.13,147.4,93,12.53,203.5,110,9.16,14.0,5,3.78,1,False.
2421,CO,132,415,379-9524,no,no,0,197.8,66,33.63,133.9,119,11.38,177.3,94,7.98,10.9,3,2.94,4,True.
2387,MI,108,408,378-6276,no,yes,32,209.5,108,35.62,109.6,64,9.32,189.7,145,8.54,9.1,6,2.46,6,True.
194,OK,118,408,408-6496,no,yes,23,289.5,52,49.22,166.6,111,14.16,119.1,88,5.36,9.5,4,2.57,1,False.
824,DE,147,510,400-2203,no,no,0,209.4,104,35.6,132.5,78,11.26,149.4,123,6.72,11.3,3,3.05,2,False.
2717,IL,142,415,334-2800,no,yes,38,163.3,104,27.76,136.0,114,11.56,249.1,127,11.21,4.3,6,1.16,0,False.
2066,TN,121,510,338-1815,no,yes,26,170.4,91,28.97,254.5,90,21.63,219.6,122,9.88,15.1,5,4.08,0,False.
485,UT,36,415,401-5485,no,yes,16,149.4,111,25.4,131.8,113,11.2,132.7,87,5.97,6.7,2,1.81,0,False.
1952,NC,124,415,352-6265,no,no,0,188.5,77,32.05,182.0,123,15.47,218.2,127,9.82,6.1,6,1.65,1,False.
3024,OR,101,415,398-5851,no,no,0,118.6,89,20.16,199.6,97,16.97,53.3,61,2.4,11.5,5,3.11,1,False.
2090,NC,106,415,419-3196,no,yes,37,223.5,104,38.0,235.1,99,19.98,140.1,90,6.3,10.6,5,2.86,2,False.
41,MD,135,408,383-6029,yes,yes,41,173.1,85,29.43,203.9,107,17.33,122.2,78,5.5,14.6,15,3.94,0,True.
2964,OR,99,408,353-3372,no,no,0,256.4,44,43.59,214.5,105,18.23,233.7,75,10.52,7.9,1,2.13,3,True.
1295,GA,76,408,361-4910,no,no,0,203.6,61,34.61,161.7,127,13.74,175.9,97,7.92,8.4,3,2.27,0,False.
2434,ID,88,415,384-8629,no,no,0,55.6,65,9.45,242.7,121,20.63,176.3,134,7.93,11.3,4,3.05,0,False.
1172,MA,166,415,363-4005,no,no,0,203.4,81,34.58,167.7,110,14.25,132.0,124,5.94,9.2,5,2.48,2,False.
2045,ND,56,415,398-1759,no,no,0,222.7,133,37.86,277.0,89,23.55,101.8,94,4.58,13.6,4,3.67,4,False.
2933,IL,98,510,351-3316,yes,no,0,158.4,71,26.93,306.6,66,26.06,144.2,93,6.49,2.1,4,0.57,1,False.
1839,AL,70,415,345-7014,no,no,0,230.3,110,39.15,77.9,87,6.62,247.1,105,11.12,13.2,4,3.56,1,False.
1861,MA,119,408,417-3999,yes,yes,16,147.2,103,25.02,160.1,96,13.61,184.0,120,8.28,7.7,2,2.08,0,True.
82,CO,55,408,419-2637,no,yes,25,165.6,123,28.15,136.1,95,11.57,175.7,90,7.91,11.0,2,2.97,3,False.
2889,CT,93,415,404-4809,no,no,0,271.1,101,46.09,237.4,133,20.18,145.4,103,6.54,8.4,6,2.27,1,True.
441,FL,99,408,336-2090,no,no,0,155.3,93,26.4,265.7,95,22.58,145.7,67,6.56,12.4,4,3.35,0,False.
3217,KS,164,510,394-3051,no,yes,30,238.8,100,40.6,230.0,121,19.55,206.3,66,9.28,13.2,8,3.56,1,False.
1884,AK,51,510,352-9130,yes,yes,12,135.8,60,23.09,200.6,134,17.05,192.4,98,8.66,12.3,7,3.32,2,False.
2782,IN,108,415,358-2046,no,no,0,201.1,101,34.19,170.7,86,14.51,237.4,113,10.68,11.6,3,3.13,3,False.
759,NV,136,415,416-5261,no,yes,21,179.4,88,30.5,181.1,97,15.39,320.7,120,14.43,9.5,4,2.57,2,False.
2180,AL,121,415,414-6541,no,no,0,168.9,128,28.71,123.9,99,10.53,266.3,105,11.98,2.9,7,0.78,2,False.
1872,NY,15,510,394-3312,yes,no,0,141.4,80,24.04,123.9,76,10.53,323.5,88,14.56,8.1,3,2.19,2,False.
1466,UT,195,415,355-3620,no,no,0,63.2,108,10.74,220.2,88,18.72,184.0,99,8.28,5.1,3,1.38,0,False.
990,SC,38,415,375-5439,no,yes,31,197.2,118,33.52,249.9,70,21.24,298.9,104,13.45,3.9,2,1.05,0,False.
1858,DE,133,510,333-2906,no,no,0,245.8,102,41.79,264.7,90,22.5,111.7,103,5.03,11.2,7,3.02,0,False.
2791,ID,151,415,413-3177,no,no,0,194.8,106,33.12,292.7,103,24.88,224.6,82,10.11,5.5,3,1.49,0,False.
90,DC,82,510,400-9770,no,no,0,143.9,61,24.46,194.9,105,16.57,109.6,94,4.93,11.1,2,3.0,1,False.
2708,MI,132,408,389-4608,no,no,0,291.2,104,49.5,234.2,132,19.91,191.7,87,8.63,8.9,3,2.4,1,True.
1220,NV,180,510,351-1382,no,no,0,139.0,96,23.63,224.9,64,19.12,170.8,118,7.69,15.7,5,4.24,2,False.
1248,PA,101,415,368-2074,yes,no,0,193.7,108,32.93,186.6,98,15.86,223.0,100,10.04,11.6,8,3.13,0,False.
2286,NM,118,415,372-8925,no,yes,42,148.7,105,25.28,167.3,105,14.22,270.6,105,12.18,10.4,7,2.81,0,False.
250,OR,33,415,380-2558,no,yes,29,157.4,99,26.76,117.9,80,10.02,279.2,79,12.56,13.9,11,3.75,4,True.
1770,OH,106,415,364-4927,no,no,0,158.6,112,26.96,220.0,114,18.7,252.9,106,11.38,9.1,3,2.46,0,False.
1061,ND,132,415,336-4281,no,yes,31,174.5,101,29.67,245.6,105,20.88,172.8,76,7.78,10.3,9,2.78,1,False.
3098,GA,93,415,371-2155,no,no,0,179.5,121,30.52,191.9,131,16.31,165.5,125,7.45,12.0,4,3.24,0,False.
234,ID,92,415,359-6196,yes,no,0,173.1,140,29.43,240.3,105,20.43,233.2,117,10.49,9.0,5,2.43,1,False.
371,NM,56,408,385-5722,no,no,0,197.0,110,33.49,222.8,102,18.94,225.3,91,10.14,10.6,6,2.86,2,False.
1394,HI,105,510,394-3806,no,no,0,227.4,121,38.66,268.5,89,22.82,143.3,82,6.45,13.0,4,3.51,1,False.
1462,CO,37,408,408-1513,no,no,0,199.5,107,33.92,207.5,110,17.64,83.9,123,3.78,8.1,4,2.19,2,False.
548,CT,31,415,390-9359,no,yes,31,100.1,54,17.02,246.3,97,20.94,255.0,131,11.48,5.9,3,1.59,0,False.
1309,NY,137,415,389-2540,yes,no,0,174.0,123,29.58,161.3,115,13.71,260.7,98,11.73,11.4,3,3.08,2,False.
53,UT,96,415,404-3211,no,no,0,160.2,117,27.23,267.5,67,22.74,228.5,68,10.28,9.3,5,2.51,2,False.
1767,AL,115,510,390-7370,no,yes,14,192.3,86,32.69,88.7,90,7.54,229.4,120,10.32,10.5,3,2.84,2,False.
3102,IN,100,415,406-7643,no,yes,32,125.2,123,21.28,230.9,101,19.63,192.0,106,8.64,12.6,9,3.4,3,False.
2237,NV,88,415,364-3286,no,no,0,166.7,61,28.34,179.3,88,15.24,242.7,131,10.92,6.8,7,1.84,4,True.
918,PA,52,408,410-4739,no,no,0,215.9,67,36.7,217.0,108,18.45,342.8,130,15.43,5.2,2,1.4,1,False.
3264,RI,89,415,414-1537,no,yes,24,97.8,98,16.63,207.2,67,17.61,214.5,126,9.65,5.9,2,1.59,0,False.
797,VA,68,408,364-9040,yes,no,0,148.5,126,25.25,219.4,125,18.65,198.5,121,8.93,14.5,7,3.92,1,True.
808,OH,61,510,327-5525,yes,yes,16,143.5,76,24.4,242.6,58,20.62,147.7,95,6.65,11.3,3,3.05,0,False.
2979,HI,99,408,413-9328,no,no,0,135.7,107,23.07,208.4,103,17.71,209.0,95,9.4,8.8,3,2.38,7,True.
3141,MA,93,415,368-3287,no,yes,31,237.2,85,40.32,213.1,100,18.11,192.7,87,8.67,10.7,4,2.89,1,False.
229,KY,45,415,378-5692,no,yes,22,196.6,84,33.42,313.2,92,26.62,163.3,108,7.35,11.9,3,3.21,0,False.
685,CO,63,415,408-4530,no,yes,32,30.9,113,5.25,187.0,113,15.9,230.8,101,10.39,8.6,7,2.32,1,False.
2041,WI,105,415,394-6505,no,yes,34,218.5,61,37.15,196.7,74,16.72,151.1,103,6.8,9.9,4,2.67,2,False.
847,ND,70,415,343-2392,no,yes,31,125.9,101,21.4,196.4,102,16.69,252.7,75,11.37,10.3,4,2.78,1,False.
1335,WY,71,415,409-7034,no,no,0,243.7,124,41.43,60.0,90,5.1,189.0,129,8.5,11.3,2,3.05,0,False.
975,DE,129,510,332-6181,no,no,0,334.3,118,56.83,192.1,104,16.33,191.0,83,8.59,10.4,6,2.81,0,True.
411,NV,64,415,396-2324,no,no,0,97.2,80,16.52,186.2,90,15.83,189.0,92,8.5,10.4,6,2.81,2,False.
1455,MO,131,408,386-3717,no,no,0,109.5,95,18.62,332.1,48,28.23,258.6,108,11.64,6.6,7,1.78,1,False.
2398,OK,177,408,333-9133,no,no,0,175.4,99,29.82,155.3,83,13.2,179.4,86,8.07,11.5,3,3.11,1,False.
416,DE,224,510,361-6563,yes,no,0,171.5,99,29.16,160.0,103,13.6,212.4,102,9.56,5.0,2,1.35,1,True.
142,MI,157,415,381-4756,no,yes,28,192.6,107,32.74,195.5,74,16.62,109.7,139,4.94,6.8,5,1.84,3,False.
3016,UT,148,510,377-9520,no,no,0,203.0,92,34.51,150.9,125,12.83,245.5,131,11.05,14.6,9,3.94,1,False.
1207,WA,13,510,397-6064,no,yes,25,176.6,65,30.02,172.7,96,14.68,104.5,128,4.7,11.3,5,3.05,2,False.
1045,TX,217,408,385-7082,no,no,0,176.4,115,29.99,158.8,128,13.5,306.6,107,13.8,9.3,3,2.51,4,False.
2083,AK,52,510,414-7942,no,no,0,148.3,83,25.21,181.6,79,15.44,155.6,104,7.0,8.3,6,2.24,3,False.
2748,AL,117,510,391-8677,no,no,0,158.7,84,26.98,181.7,91,15.44,177.3,67,7.98,7.7,10,2.08,2,False.
1387,CT,212,415,366-6751,no,no,0,126.0,96,21.42,144.3,80,12.27,302.8,102,13.63,7.6,3,2.05,1,False.
1011,NY,11,415,401-4650,no,no,0,143.4,130,24.38,289.4,50,24.6,194.0,100,8.73,9.7,6,2.62,2,False.
3078,AL,107,408,332-3804,no,no,0,86.8,95,14.76,108.1,85,9.19,204.3,87,9.19,13.2,3,3.56,1,False.
2861,CA,75,415,341-1916,no,yes,19,210.3,90,35.75,241.8,87,20.55,215.7,102,9.71,13.1,3,3.54,4,False.
2691,DC,102,415,402-9704,no,no,0,186.8,92,31.76,173.7,123,14.76,250.9,131,11.29,9.7,4,2.62,2,False.
1166,UT,72,415,368-8026,no,no,0,118.2,106,20.09,167.2,136,14.21,214.2,106,9.64,12.2,3,3.29,3,False.
3002,WA,177,415,345-3947,no,no,0,266.1,91,45.24,225.2,79,19.14,224.7,58,10.11,8.9,8,2.4,3,True.
3208,KY,79,415,377-5417,no,no,0,236.8,135,40.26,186.4,87,15.84,126.9,112,5.71,10.4,5,2.81,2,False.
2684,OR,12,415,378-4179,no,no,0,204.6,98,34.78,212.5,90,18.06,182.1,95,8.19,9.8,7,2.65,2,False.
1609,VT,57,415,368-9507,no,no,0,169.6,96,28.83,234.7,112,19.95,285.4,83,12.84,11.2,4,3.02,0,False.
1377,VT,131,415,364-9240,no,yes,34,156.6,134,26.62,71.0,95,6.04,261.7,120,11.78,13.4,10,3.62,1,False.
1006,OR,48,415,405-9217,no,no,0,190.4,92,32.37,317.5,85,26.99,133.4,113,6.0,8.3,4,2.24,2,False.
2225,NH,93,408,411-1045,no,no,0,179.3,93,30.48,188.8,65,16.05,253.2,88,11.39,12.1,5,3.27,1,False.
2922,OH,162,415,328-8747,no,no,0,135.2,98,22.98,242.0,107,20.57,246.9,96,11.11,10.2,2,2.75,2,False.
635,CO,120,510,328-8147,no,yes,27,153.5,84,26.1,194.0,73,16.49,256.5,94,11.54,10.2,7,2.75,5,False.
11,RI,74,415,344-9403,no,no,0,187.7,127,31.91,163.4,148,13.89,196.0,94,8.82,9.1,5,2.46,0,False.
2053,UT,104,408,418-4637,no,no,0,263.4,101,44.78,235.5,117,20.02,102.0,146,4.59,13.0,4,3.51,0,False.
374,AZ,90,415,422-4241,no,no,0,179.2,77,30.46,210.7,99,17.91,276.9,58,12.46,9.2,6,2.48,2,False.
2685,OR,64,510,407-6391,no,no,0,213.5,93,36.3,166.6,114,14.16,122.0,78,5.49,14.1,3,3.81,3,False.
2256,WY,94,408,344-4022,no,no,0,207.0,109,35.19,167.4,80,14.23,238.2,117,10.72,2.6,6,0.7,1,False.
841,NV,77,415,401-1252,no,no,0,239.2,114,40.66,150.0,115,12.75,160.8,81,7.24,10.3,2,2.78,5,False.
2788,MN,134,415,414-7446,no,no,0,244.1,99,41.5,246.9,111,20.99,200.0,133,9.0,7.2,2,1.94,0,False.
1702,OR,140,415,333-5101,no,no,0,120.3,108,20.45,240.4,84,20.43,216.4,74,9.74,7.7,3,2.08,4,True.
427,NH,67,415,355-1113,no,yes,40,104.9,65,17.83,216.3,93,18.39,217.4,128,9.78,9.6,9,2.59,1,False.
756,WY,33,415,331-3202,no,no,0,213.9,88,36.36,239.8,119,20.38,148.7,71,6.69,9.8,14,2.65,2,False.
1542,DC,81,510,385-7861,yes,no,0,227.4,105,38.66,211.5,120,17.98,258.2,113,11.62,11.9,3,3.21,0,False.
2743,DE,90,415,354-9068,no,no,0,198.5,124,33.75,266.6,100,22.66,243.3,80,10.95,8.0,7,2.16,2,False.
3315,ME,149,415,392-1376,no,yes,18,148.5,106,25.25,114.5,106,9.73,178.3,98,8.02,6.5,4,1.76,0,False.
1473,IL,86,415,395-7435,yes,no,0,266.1,120,45.24,182.0,92,15.47,206.5,103,9.29,10.3,4,2.78,1,False.
826,IL,138,510,331-6629,yes,no,0,169.3,82,28.78,217.9,147,18.52,184.2,77,8.29,9.4,9,2.54,1,False.
122,MD,121,510,369-5526,no,no,0,190.7,103,32.42,183.5,117,15.6,220.8,103,9.94,9.8,4,2.65,3,False.
1503,WV,57,415,419-6418,yes,yes,17,236.5,94,40.21,163.1,94,13.86,236.7,117,10.65,12.2,3,3.29,2,False.
2491,AZ,138,415,332-3381,no,no,0,87.6,112,14.89,266.9,107,22.69,214.6,104,9.66,9.8,10,2.65,2,False.
435,MT,58,510,387-9301,no,yes,29,240.4,80,40.87,118.9,91,10.11,164.2,108,7.39,11.2,3,3.02,1,False.
3192,OK,35,510,350-2340,no,yes,37,181.2,76,30.8,177.6,98,15.1,228.0,136,10.26,5.0,3,1.35,2,False.
1497,MT,114,510,393-3274,no,no,0,189.8,101,32.27,147.7,80,12.55,172.7,121,7.77,10.6,5,2.86,1,False.
1598,ND,82,415,362-9983,no,yes,29,163.8,77,27.85,134.9,112,11.47,79.3,95,3.57,8.8,2,2.38,2,False.
1643,WI,107,408,392-5296,no,no,0,134.0,104,22.78,174.5,94,14.83,311.1,79,14.0,7.3,3,1.97,3,False.
1383,VT,72,415,418-3017,no,yes,21,138.1,113,23.48,260.1,83,22.11,135.4,118,6.09,8.2,2,2.21,2,False.
2958,NC,95,408,384-3413,no,no,0,128.6,115,21.86,216.2,88,18.38,255.3,96,11.49,6.3,2,1.7,6,True.
44,WI,64,510,352-1237,no,no,0,154.0,67,26.18,225.8,118,19.19,265.3,86,11.94,3.5,3,0.95,1,False.
1865,MI,146,408,405-7676,no,no,0,149.3,83,25.38,187.1,130,15.9,149.8,100,6.74,7.9,4,2.13,7,True.
1543,AR,57,510,393-3507,no,no,0,192.8,68,32.78,158.0,86,13.43,235.5,105,10.6,12.7,6,3.43,1,False.
1973,CO,85,510,394-6668,no,yes,21,283.2,110,48.14,239.7,108,20.37,149.5,80,6.73,6.3,1,1.7,5,False.
1996,CO,89,415,388-8722,no,no,0,179.7,128,30.55,299.8,92,25.48,185.3,120,8.34,7.6,3,2.05,1,False.
3186,AZ,108,415,415-6333,no,no,0,193.3,126,32.86,154.7,85,13.15,174.8,98,7.87,9.4,6,2.54,3,False.
1876,OK,46,415,354-8191,no,no,0,164.2,116,27.91,196.2,153,16.68,236.1,119,10.62,8.1,1,2.19,1,False.
259,UT,59,510,413-1269,no,no,0,155.2,79,26.38,235.3,123,20.0,169.4,80,7.62,8.7,4,2.35,1,False.
922,WI,80,415,398-5006,no,no,0,239.9,121,40.78,142.3,51,12.1,364.3,106,16.39,9.3,5,2.51,1,False.
136,NY,75,415,374-8525,no,yes,21,175.8,97,29.89,217.5,106,18.49,237.5,134,10.69,5.3,4,1.43,5,False.
2402,NY,77,415,388-9285,no,yes,33,143.0,101,24.31,212.2,102,18.04,104.9,120,4.72,15.3,4,4.13,5,True.
2169,IL,156,415,343-3296,no,no,0,174.5,65,29.67,197.4,116,16.78,238.5,86,10.73,10.6,2,2.86,0,False.
1481,MD,129,415,370-5626,no,yes,34,204.5,79,34.77,132.8,113,11.29,190.1,117,8.55,14.8,9,4.0,2,False.
2059,KS,94,408,379-7215,no,no,0,269.2,104,45.76,193.8,144,16.47,257.6,61,11.59,8.9,2,2.4,3,True.
3204,ID,105,408,363-3469,no,no,0,232.6,96,39.54,253.4,117,21.54,154.0,101,6.93,10.5,9,2.84,1,False.
355,ME,31,415,371-7917,no,no,0,166.1,105,28.24,79.3,93,6.74,213.7,98,9.62,12.7,2,3.43,1,False.
585,AR,110,408,373-6379,no,no,0,55.3,102,9.4,164.7,124,14.0,200.7,108,9.03,10.2,5,2.75,1,False.
838,VT,107,510,342-5062,no,yes,28,201.8,79,34.31,304.9,128,25.92,225.6,133,10.15,11.9,8,3.21,1,False.
1092,SD,148,408,388-4571,no,no,0,185.2,87,31.48,170.4,96,14.48,165.1,104,7.43,9.5,13,2.57,1,False.
2474,TX,80,510,384-3904,no,yes,22,196.4,115,33.39,150.3,109,12.78,176.2,75,7.93,9.3,1,2.51,0,False.
3312,SC,181,408,406-6304,no,no,0,229.9,130,39.08,144.4,93,12.27,262.4,110,11.81,14.2,4,3.83,2,False.
3123,MA,77,408,420-3042,no,yes,17,204.9,84,34.83,201.0,102,17.09,219.7,97,9.89,11.3,5,3.05,0,False.
654,CA,96,510,341-4103,no,yes,31,183.4,126,31.18,195.5,106,16.62,180.1,93,8.1,10.5,5,2.84,1,False.
1098,ND,98,510,347-9737,no,no,0,187.2,127,31.82,195.6,88,16.63,181.8,129,8.18,5.1,4,1.38,1,False.
697,WA,63,408,404-9539,no,no,0,149.3,104,25.38,273.6,75,23.26,206.6,72,9.3,9.1,4,2.46,0,False.
328,IA,76,510,330-9833,no,no,0,198.3,130,33.71,217.1,86,18.45,188.4,96,8.48,12.5,3,3.38,0,False.
2831,WV,36,408,370-5001,no,no,0,175.1,144,29.77,216.9,69,18.44,243.7,146,10.97,9.9,3,2.67,1,False.
1003,OK,52,510,412-9357,no,yes,38,169.3,88,28.78,225.9,97,19.2,172.0,86,7.74,8.2,3,2.21,0,False.
1582,WA,86,510,387-6498,no,no,0,150.5,92,25.59,120.3,95,10.23,271.2,96,12.2,9.0,2,2.43,1,False.
1882,HI,132,408,361-8113,yes,yes,33,200.3,75,34.05,226.6,67,19.26,198.8,91,8.95,12.9,3,3.48,2,False.
1772,CO,59,510,331-3842,no,no,0,153.6,92,26.11,205.5,88,17.47,114.5,89,5.15,12.5,10,3.38,1,False.
877,FL,129,415,355-4992,yes,no,0,267.4,78,45.46,204.2,85,17.36,111.7,146,5.03,5.9,4,1.59,1,False.
1886,ID,224,510,360-8919,no,no,0,111.4,133,18.94,175.0,66,14.88,217.2,106,9.77,5.5,6,1.49,3,False.
1081,NC,64,408,387-7757,no,yes,19,291.1,150,49.49,226.7,123,19.27,219.1,67,9.86,7.5,2,2.03,1,False.
924,KY,60,408,334-2729,no,no,0,135.4,134,23.02,205.9,85,17.5,204.0,103,9.18,7.9,4,2.13,1,False.
2040,IA,105,510,349-4070,no,yes,15,88.1,125,14.98,175.9,142,14.95,269.9,85,12.15,9.7,1,2.62,2,False.
2654,ME,66,510,404-3592,no,no,0,207.7,85,35.31,196.7,112,16.72,261.7,83,11.78,6.8,3,1.84,1,False.
2346,LA,114,415,356-8982,no,no,0,169.2,96,28.76,149.9,83,12.74,196.9,119,8.86,4.6,4,1.24,2,False.
590,AL,109,408,361-2924,no,no,0,218.9,105,37.21,299.9,87,25.49,158.6,110,7.14,11.3,4,3.05,2,False.
1233,IL,48,510,380-5246,no,no,0,128.2,71,21.79,48.1,78,4.09,116.3,80,5.23,8.9,3,2.4,0,False.
906,VT,73,408,417-2035,no,no,0,213.0,95,36.21,188.8,104,16.05,136.2,89,6.13,13.5,3,3.65,0,False.
2662,VA,50,415,382-2182,yes,no,0,99.6,108,16.93,308.7,102,26.24,161.2,62,7.25,13.7,6,3.7,2,True.
1304,CO,88,510,373-4274,no,no,0,61.9,78,10.52,262.6,114,22.32,212.5,110,9.56,8.8,2,2.38,3,False.
2907,OH,165,510,378-8567,no,no,0,209.4,67,35.6,273.8,89,23.27,150.2,88,6.76,12.8,1,3.46,0,False.
2324,LA,124,510,348-4316,no,no,0,143.3,120,24.36,230.7,111,19.61,214.3,91,9.64,7.8,2,2.11,4,True.
2030,KS,57,415,363-8424,no,yes,37,201.2,76,34.2,280.1,122,23.81,154.2,110,6.94,11.8,1,3.19,1,False.
1555,AZ,122,510,350-7227,no,yes,22,204.5,92,34.77,139.6,121,11.87,205.0,103,9.23,8.6,5,2.32,2,False.
191,TX,130,415,359-5461,no,no,0,176.9,109,30.07,90.7,104,7.71,238.0,69,10.71,9.5,2,2.57,1,False.
2079,MN,122,415,389-2477,no,no,0,234.1,101,39.8,200.2,121,17.02,237.4,89,10.68,13.1,9,3.54,2,False.
436,NM,155,415,399-3164,no,no,0,190.3,123,32.35,301.3,96,25.61,214.6,134,9.66,8.0,3,2.16,1,False.
617,FL,79,510,334-7443,no,no,0,130.2,119,22.13,290.9,121,24.73,194.8,140,8.77,14.0,6,3.78,3,False.
1336,MS,124,415,358-1922,no,no,0,251.5,85,42.76,214.2,98,18.21,186.1,71,8.37,11.1,6,3.0,3,False.
3279,NJ,139,415,376-2408,no,yes,43,231.0,85,39.27,222.3,82,18.9,148.0,105,6.66,8.3,5,2.24,2,False.
1524,CA,93,510,368-6488,no,yes,19,136.8,113,23.26,179.5,105,15.26,71.1,95,3.2,12.5,3,3.38,2,False.
2039,MS,121,415,344-2260,no,yes,21,126.3,84,21.47,209.6,102,17.82,192.5,129,8.66,10.6,2,2.86,1,False.
2965,WI,103,415,386-8943,no,no,0,180.2,134,30.63,97.7,85,8.3,181.7,134,8.18,8.4,3,2.27,1,False.
2343,TN,120,408,410-7611,yes,no,0,179.9,72,30.58,170.0,98,14.45,190.6,89,8.58,13.8,2,3.73,1,True.
1759,TX,66,415,402-3886,no,yes,35,190.8,100,32.44,261.3,93,22.21,209.5,108,9.43,8.9,6,2.4,0,False.
2567,KY,58,415,409-2983,no,no,0,247.2,116,42.02,303.7,103,25.81,105.4,94,4.74,9.3,2,2.51,2,True.
820,WV,92,510,335-7257,no,yes,16,184.0,99,31.28,76.4,134,6.49,185.1,96,8.33,12.7,3,3.43,2,False.
2844,NH,161,415,349-4397,no,no,0,173.4,100,29.48,213.7,74,18.16,141.5,69,6.37,11.5,4,3.11,1,False.
266,RI,114,510,411-9554,no,yes,28,225.8,94,38.39,193.0,117,16.41,232.4,100,10.46,8.4,9,2.27,4,False.
2222,AK,97,415,380-2600,no,yes,24,176.1,109,29.94,159.4,81,13.55,269.1,94,12.11,12.1,9,3.27,0,False.
2011,ID,86,415,355-1019,no,no,0,194.2,98,33.01,193.8,95,16.47,192.0,123,8.64,9.3,7,2.51,3,False.
2134,CT,94,415,337-9303,no,no,0,206.1,49,35.04,224.6,115,19.09,256.7,74,11.55,13.0,1,3.51,1,False.
30,IL,142,415,416-8428,no,no,0,84.8,95,14.42,136.7,63,11.62,250.5,148,11.27,14.2,6,3.83,2,False.
1316,MT,10,510,374-5965,no,no,0,183.0,103,31.11,214.8,77,18.26,206.4,73,9.29,8.7,6,2.35,2,False.
2132,GA,202,510,351-2589,no,no,0,115.4,137,19.62,178.7,70,15.19,185.7,113,8.36,6.0,3,1.62,3,False.
1117,FL,136,408,397-9333,yes,no,0,199.2,122,33.86,214.7,114,18.25,150.9,105,6.79,11.8,7,3.19,1,False.
1169,DE,89,510,376-1677,yes,no,0,125.6,108,21.35,213.0,90,18.11,181.7,108,8.18,5.4,5,1.46,1,False.
114,AZ,63,415,407-7035,no,no,0,58.9,125,10.01,169.6,59,14.42,211.4,88,9.51,9.4,3,2.54,1,False.
2165,MO,160,415,347-5063,no,no,0,171.2,103,29.1,243.5,121,20.7,178.2,92,8.02,13.0,3,3.51,2,False.
2904,OH,136,408,392-1547,yes,no,0,183.4,103,31.18,141.9,113,12.06,200.4,122,9.02,10.4,9,2.81,2,False.
98,MS,120,408,355-6291,no,no,0,212.1,131,36.06,209.4,104,17.8,167.2,96,7.52,5.3,5,1.43,1,True.
901,CT,23,510,370-5527,no,no,0,321.6,107,54.67,251.6,115,21.39,141.1,158,6.35,11.3,3,3.05,2,True.
2093,WA,106,408,416-4464,no,no,0,193.6,66,32.91,238.2,82,20.25,176.4,107,7.94,12.9,3,3.48,0,False.
636,KS,121,408,373-5438,no,no,0,150.7,105,25.62,197.3,133,16.77,169.0,116,7.61,9.2,15,2.48,1,False.
1696,PA,141,510,365-8114,no,no,0,215.6,113,36.65,200.6,81,17.05,153.8,107,6.92,12.4,6,3.35,1,False.
982,ND,84,415,400-7253,no,yes,33,159.1,106,27.05,149.8,101,12.73,213.4,108,9.6,13.0,18,3.51,1,False.
1799,ND,132,510,372-1824,no,no,0,163.2,80,27.74,167.6,90,14.25,87.5,90,3.94,6.2,10,1.67,1,False.
2393,NE,139,415,346-5349,no,yes,25,138.3,96,23.51,80.6,79,6.85,163.7,83,7.37,8.3,8,2.24,0,False.
2648,CO,131,415,397-7125,no,yes,23,170.8,145,29.04,236.7,93,20.12,294.5,100,13.25,12.7,1,3.43,1,False.
1286,IL,107,415,390-2755,no,yes,14,114.3,132,19.43,199.8,91,16.98,194.7,74,8.76,7.5,8,2.03,1,False.
897,DC,108,408,399-8615,no,yes,35,215.9,106,36.7,200.6,107,17.05,195.4,107,8.79,15.5,7,4.19,0,False.
127,MS,61,510,414-8718,no,yes,27,187.5,124,31.88,146.6,103,12.46,225.7,129,10.16,6.4,6,1.73,4,True.
1983,SC,114,510,364-9425,no,yes,4,141.3,96,24.02,230.4,88,19.58,223.7,85,10.07,9.4,3,2.54,3,False.
2859,WV,87,415,415-3158,no,no,0,58.0,125,9.86,67.5,116,5.74,185.9,136,8.37,11.5,3,3.11,0,False.
2596,DC,73,408,355-5922,no,no,0,122.0,92,20.74,138.3,114,11.76,224.2,128,10.09,5.8,5,1.57,1,False.
837,NC,64,510,341-2603,yes,yes,33,127.2,93,21.62,162.9,104,13.85,247.4,109,11.13,8.1,13,2.19,0,False.
2182,ID,170,510,343-2465,no,yes,37,178.1,130,30.28,242.8,103,20.64,243.0,93,10.93,13.0,4,3.51,0,False.
1470,FL,41,415,415-6110,no,yes,41,207.3,95,35.24,137.3,120,11.67,115.7,74,5.21,5.9,3,1.59,1,False.
584,SD,104,510,420-9838,no,no,0,234.2,128,39.81,293.1,92,24.91,183.9,79,8.28,9.8,6,2.65,0,True.
3260,OR,61,415,388-8282,no,no,0,234.2,76,39.81,216.7,108,18.42,130.6,122,5.88,13.9,2,3.75,1,False.
2699,AL,136,510,352-6732,no,no,0,109.4,91,18.6,207.5,111,17.64,135.0,107,6.08,11.6,5,3.13,0,False.
2734,MS,145,510,405-6398,yes,yes,30,175.3,107,29.8,153.3,116,13.03,233.6,85,10.51,11.1,3,3.0,1,False.
524,IL,87,510,390-4152,no,no,0,231.3,105,39.32,171.7,108,14.59,67.7,136,3.05,13.0,6,3.51,1,False.
195,MD,117,415,385-7688,no,yes,23,198.1,86,33.68,177.0,86,15.05,180.5,92,8.12,6.8,6,1.84,1,False.
2033,NJ,162,408,367-8692,no,no,0,217.6,87,36.99,279.0,71,23.72,250.7,65,11.28,10.4,4,2.81,2,True.
52,VA,10,408,349-4396,no,no,0,186.1,112,31.64,190.2,66,16.17,282.8,57,12.73,11.4,6,3.08,2,False.
1237,ID,56,510,379-5933,no,no,0,150.9,79,25.65,161.8,87,13.75,167.7,115,7.55,11.7,5,3.16,3,False.
1221,MT,25,415,359-7694,no,no,0,134.3,98,22.83,202.3,109,17.2,195.9,100,8.82,12.6,5,3.4,2,False.
1496,LA,81,415,392-2722,no,yes,36,115.9,120,19.7,236.6,95,20.11,255.0,90,11.48,11.7,6,3.16,3,False.
2809,CO,156,408,364-6445,no,no,0,150.5,106,25.59,152.9,112,13.0,215.9,86,9.72,3.5,3,0.95,1,False.
601,MA,62,415,386-2810,yes,no,0,159.7,86,27.15,197.5,76,16.79,121.6,105,5.47,13.9,6,3.75,0,True.
1124,NY,167,415,409-7494,no,no,0,166.4,85,28.29,243.2,135,20.67,229.2,95,10.31,9.9,5,2.67,1,False.
1706,MD,54,415,408-6302,no,no,0,273.8,113,46.55,119.6,156,10.17,267.6,117,12.04,11.7,3,3.16,1,False.
2812,AZ,82,415,413-6380,no,yes,33,137.8,95,23.43,235.5,128,20.02,268.1,70,12.06,11.0,6,2.97,2,False.
737,KY,91,415,330-7754,yes,no,0,145.0,89,24.65,175.8,102,14.94,223.7,151,10.07,16.7,3,4.51,2,True.
1778,CO,54,510,360-1643,no,yes,39,117.6,82,19.99,159.2,60,13.53,236.4,113,10.64,11.3,10,3.05,2,False.
1152,AL,16,408,403-9417,no,no,0,209.5,89,35.62,172.8,85,14.69,94.1,102,4.23,8.8,4,2.38,1,False.
944,NV,81,415,399-9802,no,yes,28,167.9,147,28.54,190.7,105,16.21,193.0,103,8.69,9.2,6,2.48,4,True.
348,AZ,83,415,400-6999,no,yes,41,155.9,122,26.5,162.3,107,13.8,127.6,105,5.74,13.1,5,3.54,3,False.
2248,CT,152,408,354-7077,no,yes,20,239.1,105,40.65,209.1,111,17.77,268.2,130,12.07,13.3,3,3.59,5,False.
640,ND,88,415,414-4162,no,no,0,161.5,92,27.46,173.5,108,14.75,206.2,95,9.28,7.9,4,2.13,2,False.
1256,TN,98,415,351-7016,no,no,0,162.8,65,27.68,185.0,109,15.73,219.5,104,9.88,6.0,3,1.62,2,False.
642,IL,83,415,368-8600,no,no,0,195.0,92,33.15,210.5,83,17.89,180.6,92,8.13,11.0,13,2.97,0,False.
2641,DC,68,415,398-2138,yes,yes,39,142.0,140,24.14,241.6,89,20.54,302.0,72,13.59,11.3,5,3.05,1,False.
1659,MA,132,408,341-9274,no,yes,36,201.9,93,34.32,156.3,75,13.29,131.3,92,5.91,13.7,5,3.7,0,False.
1364,CT,115,415,339-1330,no,no,0,245.0,97,41.65,250.7,75,21.31,270.2,124,12.16,13.7,8,3.7,1,True.
252,MS,82,408,345-6043,no,no,0,207.0,90,35.19,232.9,83,19.8,172.4,108,7.76,9.1,8,2.46,3,False.
2729,WY,122,415,357-7385,no,no,0,119.3,93,20.28,223.9,103,19.03,211.9,122,9.54,8.7,4,2.35,2,False.
743,LA,158,408,359-6995,no,no,0,202.0,126,34.34,163.5,86,13.9,195.4,84,8.79,10.4,6,2.81,1,False.
2659,OK,15,415,408-2002,no,no,0,121.1,130,20.59,216.0,86,18.36,235.1,33,10.58,16.1,5,4.35,2,False.
222,MS,65,415,343-2095,no,no,0,136.1,112,23.14,272.9,96,23.2,220.2,104,9.91,4.4,2,1.19,1,False.
2480,DE,105,415,350-2250,yes,no,0,150.0,106,25.5,293.8,123,24.97,250.7,65,11.28,10.3,7,2.78,3,False.
2674,IL,67,415,369-4377,no,no,0,109.1,117,18.55,217.4,124,18.48,188.4,141,8.48,12.8,6,3.46,0,False.
3206,WA,143,510,362-3107,no,no,0,133.4,107,22.68,223.9,117,19.03,180.4,85,8.12,10.2,13,2.75,1,False.
1794,NY,54,415,348-6853,no,no,0,286.6,73,48.72,223.2,108,18.97,203.7,107,9.17,11.5,5,3.11,1,True.
2173,KS,47,510,418-5300,yes,no,0,47.8,120,8.13,178.9,123,15.21,152.6,96,6.87,13.3,7,3.59,0,True.
408,RI,133,510,349-4369,yes,no,0,127.3,108,21.64,251.3,81,21.36,135.0,88,6.08,10.3,3,2.78,1,False.
1756,NC,118,408,340-2855,yes,yes,39,153.8,106,26.15,123.3,111,10.48,117.8,103,5.3,9.2,6,2.48,1,False.
256,DC,108,510,377-7177,no,no,0,138.6,122,23.56,172.3,117,14.65,231.6,92,10.42,9.8,3,2.65,1,False.
1407,MS,73,415,412-2520,no,yes,31,82.3,105,13.99,256.1,91,21.77,229.6,98,10.33,11.8,2,3.19,6,True.
1180,SC,72,415,415-2641,no,no,0,207.8,92,35.33,195.7,110,16.63,184.8,124,8.32,13.1,4,3.54,0,False.
1329,AZ,137,415,370-4395,no,no,0,141.1,91,23.99,147.2,100,12.51,254.7,75,11.46,8.0,7,2.16,2,False.
1337,WY,97,510,346-1629,yes,no,0,236.9,107,40.27,157.6,105,13.4,241.0,120,10.85,7.3,2,1.97,0,True.
369,MA,128,415,385-6778,no,no,0,195.6,99,33.25,267.8,120,22.76,164.9,76,7.42,16.0,2,4.32,0,False.
2512,AZ,62,408,370-8262,no,yes,42,137.3,95,23.34,184.2,94,15.66,231.4,70,10.41,10.2,3,2.75,0,False.
537,UT,190,415,398-9870,no,yes,22,166.5,93,28.31,183.0,92,15.56,121.0,102,5.44,8.5,3,2.3,0,False.
1434,UT,47,408,350-9720,no,yes,37,112.8,150,19.18,243.9,97,20.73,178.7,112,8.04,13.2,6,3.56,2,False.
3042,MA,142,408,343-1009,no,no,0,216.8,134,36.86,187.8,106,15.96,138.1,108,6.21,8.3,2,2.24,0,False.
2826,SD,131,510,347-1473,no,no,0,187.9,110,31.94,200.5,101,17.04,202.6,125,9.12,10.2,11,2.75,2,False.
643,OK,49,415,336-6085,no,no,0,213.8,79,36.35,265.1,93,22.53,239.8,128,10.79,15.6,7,4.21,0,False.
750,AL,146,415,358-1129,no,yes,32,154.0,80,26.18,185.5,91,15.77,148.2,107,6.67,8.2,4,2.21,3,False.
2953,GA,136,415,400-7509,no,no,0,163.4,83,27.78,249.3,119,21.19,249.7,90,11.24,9.8,4,2.65,7,False.
2015,NE,64,408,360-6416,no,no,0,261.9,113,44.52,148.1,99,12.59,145.2,74,6.53,13.8,4,3.73,0,False.
1422,WY,107,510,411-5740,no,yes,31,160.3,45,27.25,221.5,70,18.83,261.6,109,11.77,5.6,1,1.51,1,False.
2774,ME,62,415,358-1346,yes,yes,32,218.4,93,37.13,236.7,132,20.12,192.2,137,8.65,13.2,3,3.56,0,True.
2815,RI,120,415,377-5441,no,yes,23,221.9,114,37.72,254.7,84,21.65,250.5,117,11.27,7.2,5,1.94,2,False.
1539,PA,128,408,353-6038,yes,no,0,245.2,112,41.68,101.5,101,8.63,152.3,116,6.85,10.7,5,2.89,0,False.
293,CT,96,415,387-5860,no,yes,37,172.7,93,29.36,120.1,116,10.21,216.1,86,9.72,10.3,5,2.78,5,True.
1727,MS,105,415,343-9654,no,no,0,101.4,48,17.24,159.1,119,13.52,259.2,53,11.66,12.2,2,3.29,1,False.
1904,WA,174,408,352-6068,no,yes,33,167.8,91,28.53,205.3,91,17.45,130.0,132,5.85,14.5,4,3.92,4,True.
1156,NJ,129,415,348-9828,no,no,0,168.4,117,28.63,217.1,129,18.45,81.6,100,3.67,11.8,7,3.19,1,False.
3035,ME,88,415,405-5513,no,no,0,85.7,112,14.57,221.6,70,18.84,190.6,75,8.58,11.6,3,3.13,4,True.
1683,TN,47,415,332-3544,no,yes,30,196.6,93,33.42,241.4,140,20.52,226.0,118,10.17,12.9,4,3.48,2,False.
543,NC,26,415,393-3300,no,no,0,234.5,109,39.87,216.5,129,18.4,191.6,94,8.62,3.5,6,0.95,3,False.
2521,PA,137,415,365-1664,no,no,0,215.9,76,36.7,145.4,118,12.36,186.9,129,8.41,12.1,4,3.27,1,False.
2778,VT,68,415,396-6390,no,no,0,158.8,119,27.0,211.8,105,18.0,198.1,101,8.91,10.3,3,2.78,1,False.
144,VT,117,408,390-2390,yes,no,0,167.1,86,28.41,177.5,87,15.09,249.4,132,11.22,14.1,7,3.81,2,True.
2481,VA,80,415,383-9355,no,no,0,197.5,114,33.58,206.9,119,17.59,163.6,109,7.36,11.3,4,3.05,1,False.
2088,ND,48,415,405-2831,no,no,0,210.8,84,35.84,189.6,98,16.12,157.6,99,7.09,16.4,3,4.43,2,False.
2347,IL,68,415,340-6908,yes,yes,29,195.5,113,33.24,171.6,96,14.59,204.0,85,9.18,13.5,9,3.65,1,True.
1048,UT,85,510,327-6194,no,no,0,212.3,107,36.09,228.4,103,19.41,163.3,116,7.35,7.7,3,2.08,0,False.
2101,AK,110,415,394-4548,no,no,0,148.4,95,25.23,193.8,98,16.47,206.0,106,9.27,6.9,6,1.86,0,False.
1864,MA,69,510,352-5000,no,no,0,195.1,91,33.17,261.5,57,22.23,203.8,90,9.17,11.4,5,3.08,0,False.
255,FL,106,408,385-2488,no,yes,32,165.9,126,28.2,216.5,93,18.4,173.1,86,7.79,14.1,8,3.81,4,False.
2171,NV,41,510,355-2293,no,no,0,182.1,89,30.96,211.5,104,17.98,207.4,124,9.33,6.8,1,1.84,1,False.
1392,OK,101,415,413-4040,no,no,0,269.7,85,45.85,207.6,86,17.65,214.2,107,9.64,4.5,15,1.22,3,True.
2166,ND,166,510,345-8433,no,no,0,197.9,89,33.64,251.0,113,21.34,138.3,85,6.22,11.2,2,3.02,2,False.
3152,NM,183,415,397-7453,no,no,0,190.0,100,32.3,246.6,78,20.96,304.2,107,13.69,9.5,4,2.57,1,False.
1730,NM,161,408,397-8011,no,no,0,107.5,121,18.28,256.4,46,21.79,247.2,131,11.12,12.6,3,3.4,2,False.
2202,NE,112,415,351-2928,yes,yes,16,200.3,72,34.05,197.8,91,16.81,151.1,92,6.8,10.4,3,2.81,1,False.
3322,MD,62,408,409-1856,no,no,0,321.1,105,54.59,265.5,122,22.57,180.5,72,8.12,11.5,2,3.11,4,True.
1891,VA,146,415,363-3571,no,no,0,205.4,101,34.92,134.9,77,11.47,310.5,83,13.97,10.3,2,2.78,3,False.
451,KS,86,408,339-2616,no,yes,23,225.5,107,38.34,246.3,105,20.94,245.7,81,11.06,9.8,2,2.65,0,False.
809,DE,171,510,363-8244,no,yes,17,186.9,94,31.77,240.0,138,20.4,200.9,64,9.04,5.8,3,1.57,1,False.
471,NV,78,408,345-3451,no,no,0,75.0,116,12.75,248.7,87,21.14,176.0,83,7.92,9.5,6,2.57,3,False.
540,AL,47,408,404-5387,no,yes,28,141.3,94,24.02,168.0,108,14.28,113.5,84,5.11,7.8,2,2.11,1,False.
1895,HI,86,408,398-3004,no,yes,21,197.9,99,33.64,165.6,100,14.08,208.0,120,9.36,10.1,9,2.73,0,False.
1363,OK,117,415,394-2553,no,yes,31,104.9,115,17.83,237.6,125,20.2,263.4,104,11.85,7.7,6,2.08,3,False.
341,MN,101,415,361-9923,no,no,0,183.9,115,31.26,255.9,101,21.75,275.0,145,12.38,10.8,11,2.92,1,False.
1894,NM,68,408,396-7091,no,no,0,131.6,89,22.37,137.0,109,11.65,256.3,107,11.53,10.2,5,2.75,3,False.
469,AL,41,510,369-6880,no,yes,34,194.4,63,33.05,254.9,110,21.67,160.2,115,7.21,17.2,9,4.64,2,False.
1222,MT,113,415,419-5505,no,no,0,215.9,93,36.7,240.1,85,20.41,156.7,123,7.05,4.9,5,1.32,3,False.
887,IA,128,408,335-8146,no,no,0,158.8,75,27.0,264.8,91,22.51,270.0,77,12.15,7.6,7,2.05,1,False.
915,MO,152,408,404-4611,no,no,0,101.2,122,17.2,141.6,87,12.04,198.5,124,8.93,7.5,3,2.03,2,False.
1187,FL,142,415,357-4936,no,yes,26,220.5,94,37.49,239.5,126,20.36,254.3,109,11.44,5.9,9,1.59,2,False.
882,FL,130,415,343-9946,no,no,0,162.8,113,27.68,290.3,111,24.68,114.9,140,5.17,7.2,3,1.94,1,False.
12,IA,168,408,363-1107,no,no,0,128.8,96,21.9,104.9,71,8.92,141.1,128,6.35,11.2,2,3.02,1,False.
2721,ND,50,415,342-1960,no,no,0,295.3,127,50.2,127.4,100,10.83,166.8,105,7.51,9.6,6,2.59,1,False.
1376,OH,65,415,405-3097,no,no,0,245.7,139,41.77,241.9,113,20.56,285.3,117,12.84,4.2,5,1.13,4,True.
1592,CT,30,408,410-5192,no,no,0,137.6,108,23.39,162.0,80,13.77,187.7,126,8.45,5.8,10,1.57,3,False.
1396,MD,140,415,412-1076,yes,yes,27,188.9,124,32.11,160.9,102,13.68,197.7,100,8.9,11.5,5,3.11,4,False.
275,WA,83,415,369-4384,no,no,0,221.4,103,37.64,231.8,103,19.7,122.5,100,5.51,9.8,5,2.65,3,False.
1818,DE,78,408,328-9006,no,no,0,139.2,140,23.66,191.4,113,16.27,286.5,125,12.89,11.8,3,3.19,3,False.
2245,RI,65,415,368-5612,no,yes,29,215.5,129,36.64,161.9,77,13.76,128.3,91,5.77,8.8,5,2.38,2,False.
2980,KS,84,415,335-7144,no,no,0,225.9,86,38.4,275.6,105,23.43,201.4,108,9.06,14.3,3,3.86,3,True.
1971,KS,74,415,336-7357,no,yes,32,174.6,107,29.68,310.6,115,26.4,234.7,92,10.56,9.0,4,2.43,1,False.
3047,AZ,88,415,417-9844,no,no,0,172.8,81,29.38,193.4,90,16.44,89.6,107,4.03,12.8,5,3.46,2,False.
798,GA,135,415,366-3944,no,yes,22,197.1,113,33.51,259.4,95,22.05,134.7,135,6.06,14.6,5,3.94,2,False.
2105,NY,40,408,416-7591,no,no,0,242.5,82,41.23,232.9,97,19.8,154.0,86,6.93,9.6,7,2.59,0,False.
1574,SD,122,415,406-7737,yes,yes,40,216.4,80,36.79,249.7,90,21.22,185.9,99,8.37,12.7,4,3.43,1,False.
2906,CA,87,415,383-4802,no,yes,19,165.8,122,28.19,186.9,89,15.89,249.7,78,11.24,0.0,0,0.0,1,False.
665,GA,112,415,349-1943,no,yes,22,181.8,110,30.91,228.1,123,19.39,262.7,141,11.82,9.2,4,2.48,2,False.
731,WY,90,415,416-2825,no,no,0,207.2,121,35.22,292.5,104,24.86,226.3,103,10.18,8.0,1,2.16,2,False.
2880,KS,107,415,354-6942,no,no,0,260.5,108,44.29,102.4,110,8.7,129.7,148,5.84,9.8,5,2.65,1,False.
1677,KS,123,415,332-2126,no,no,0,163.1,119,27.73,249.4,51,21.2,168.2,77,7.57,9.0,10,2.43,1,False.
1722,MS,84,510,380-6722,no,no,0,75.3,96,12.8,179.9,113,15.29,193.8,134,8.72,12.3,1,3.32,1,False.
2758,WI,74,408,363-7979,no,no,0,177.4,136,30.16,240.3,104,20.43,237.3,133,10.68,12.0,3,3.24,0,False.
1094,AK,115,415,333-3704,no,no,0,245.2,105,41.68,159.0,109,13.52,229.9,74,10.35,7.2,8,1.94,0,False.
1246,MN,138,415,388-5850,no,no,0,194.3,83,33.03,189.9,97,16.14,232.2,102,10.45,9.0,3,2.43,5,False.
1606,CT,95,415,392-5941,no,no,0,198.4,113,33.73,235.9,144,20.05,325.6,99,14.65,10.1,3,2.73,0,False.
1057,WV,86,415,332-2258,no,yes,38,123.0,158,20.91,133.9,119,11.38,138.2,103,6.22,13.3,4,3.59,1,False.
1324,VA,118,415,392-3315,no,no,0,154.6,112,26.28,184.2,105,15.66,217.4,102,9.78,12.6,5,3.4,2,False.
1560,MS,70,408,384-4385,no,no,0,148.4,110,25.23,267.1,90,22.7,151.5,101,6.82,8.9,4,2.4,0,False.
361,DE,148,415,351-2587,no,no,0,124.4,83,21.15,179.7,81,15.27,253.0,99,11.39,11.3,6,3.05,0,False.
830,CO,121,408,409-4447,yes,no,0,167.7,94,28.51,93.7,121,7.96,241.3,115,10.86,13.4,1,3.62,3,True.
1981,ME,66,510,331-6270,no,no,0,118.0,133,20.06,248.1,99,21.09,214.4,122,9.65,5.3,5,1.43,1,False.
2496,MT,143,408,385-2699,no,yes,22,141.8,116,24.11,167.3,99,14.22,178.1,130,8.01,7.8,3,2.11,1,False.
1514,MA,51,415,389-3206,no,no,0,183.1,99,31.13,160.1,107,13.61,311.8,121,14.03,7.0,3,1.89,1,False.
164,OK,146,415,335-4584,no,no,0,206.3,151,35.07,148.6,89,12.63,167.2,91,7.52,6.1,3,1.65,1,False.
1960,TX,38,510,413-9055,no,no,0,149.0,92,25.33,49.2,78,4.18,163.3,93,7.35,13.9,11,3.75,0,False.
1637,CO,74,415,394-6278,no,no,0,225.2,93,38.28,215.1,120,18.28,241.8,95,10.88,9.1,2,2.46,2,False.
2432,PA,75,510,353-9998,no,no,0,109.0,88,18.53,259.3,120,22.04,182.1,119,8.19,13.3,3,3.59,4,True.
849,IL,129,415,395-1718,no,no,0,198.4,91,33.73,264.7,106,22.5,111.4,101,5.01,9.2,2,2.48,2,False.
2307,MI,61,415,349-5617,no,yes,33,270.7,53,46.02,200.7,116,17.06,201.7,102,9.08,10.9,3,2.94,3,False.
503,MI,109,415,402-9691,yes,yes,26,217.2,138,36.92,145.5,111,12.37,280.7,76,12.63,9.3,3,2.51,0,False.
2452,OH,135,415,351-7807,no,no,0,173.4,107,29.48,222.0,84,18.87,64.2,94,2.89,13.7,6,3.7,1,False.
2932,UT,97,415,418-3181,no,no,0,209.2,134,35.56,0.0,0,0.0,175.4,94,7.89,11.8,6,3.19,1,False.
722,KY,113,415,385-4715,no,no,0,215.6,96,36.65,193.4,127,16.44,105.4,115,4.74,13.5,3,3.65,1,False.
3046,MI,110,510,357-5784,no,no,0,18.9,92,3.21,258.4,81,21.96,109.6,74,4.93,14.8,4,4.0,1,False.
1506,MD,136,415,336-6997,no,no,0,252.4,74,42.91,167.9,81,14.27,248.3,110,11.17,10.7,3,2.89,2,False.
2212,AL,8,415,421-2245,no,yes,36,242.9,67,41.29,170.9,59,14.53,177.3,130,7.98,4.8,12,1.3,1,False.
930,OH,74,415,336-5661,no,no,0,136.7,106,23.24,228.6,105,19.43,265.3,114,11.94,9.8,4,2.65,0,False.
2557,TN,120,415,412-3404,no,no,0,185.7,133,31.57,235.1,149,19.98,256.4,78,11.54,16.9,6,4.56,0,False.
1729,MS,111,415,404-9978,no,yes,36,96.8,123,16.46,170.6,105,14.5,166.0,85,7.47,13.4,4,3.62,2,False.
993,TN,70,510,395-4757,no,no,0,126.3,99,21.47,141.6,106,12.04,255.9,96,11.52,9.6,2,2.59,0,False.
117,NV,74,415,355-6837,no,no,0,282.5,114,48.03,219.9,48,18.69,170.0,115,7.65,9.4,4,2.54,1,True.
124,NV,130,510,408-4195,no,no,0,154.2,119,26.21,110.2,98,9.37,227.4,117,10.23,9.2,5,2.48,2,False.
372,CA,151,415,357-1909,yes,no,0,218.0,57,37.06,114.4,88,9.72,269.2,95,12.11,12.4,1,3.35,0,True.
630,TX,140,408,417-8617,no,no,0,194.8,107,33.12,170.9,99,14.53,225.1,93,10.13,13.9,4,3.75,0,False.
1302,WA,171,408,419-1863,no,no,0,270.5,69,45.99,230.0,112,19.55,136.0,111,6.12,9.6,5,2.59,1,True.
1360,HI,35,415,349-7291,no,no,0,124.2,102,21.11,123.9,115,10.53,135.7,100,6.11,13.1,8,3.54,2,False.
156,OH,83,415,370-9116,no,no,0,337.4,120,57.36,227.4,116,19.33,153.9,114,6.93,15.8,7,4.27,0,True.
725,TN,57,510,337-7739,no,no,0,149.3,100,25.38,200.2,110,17.02,231.7,101,10.43,11.9,3,3.21,2,False.
3150,MT,34,415,372-4203,no,yes,14,151.5,100,25.76,248.7,126,21.14,199.8,120,8.99,10.7,5,2.89,2,False.
913,GA,50,408,377-1218,no,yes,24,214.3,129,36.43,289.8,55,24.63,312.5,130,14.06,10.6,4,2.86,1,False.
2334,AL,119,415,404-8765,no,no,0,98.8,97,16.8,146.9,68,12.49,190.7,105,8.58,10.0,4,2.7,3,False.
2999,KY,76,415,407-8575,no,no,0,204.0,69,34.68,225.1,110,19.13,240.3,85,10.81,9.6,5,2.59,1,False.
2745,PA,61,408,343-1347,no,yes,40,105.0,78,17.85,180.6,100,15.35,174.1,115,7.83,10.2,2,2.75,2,True.
133,TX,82,408,400-3446,no,no,0,200.3,96,34.05,201.2,102,17.1,206.1,60,9.27,7.1,1,1.92,4,False.
1903,NJ,93,510,384-5632,yes,yes,38,225.7,117,38.37,119.6,122,10.17,193.2,125,8.69,14.0,7,3.78,1,True.
3294,MO,116,408,371-1139,no,no,0,51.1,106,8.69,208.6,137,17.73,198.0,92,8.91,12.3,3,3.32,1,False.
1365,UT,162,408,398-1959,no,no,0,184.5,118,31.37,224.0,95,19.04,180.5,82,8.12,11.6,3,3.13,1,False.
510,VT,193,408,415-4857,no,yes,17,124.0,102,21.08,202.9,81,17.25,205.1,129,9.23,12.3,3,3.32,1,False.
3097,ME,112,415,403-4816,no,no,0,185.4,114,31.52,191.4,119,16.27,144.0,78,6.48,10.0,11,2.7,2,False.
745,WA,119,415,380-6631,no,yes,26,161.3,97,27.42,250.3,110,21.28,142.4,92,6.41,6.6,8,1.78,1,False.
3050,SC,101,415,345-4589,no,no,0,158.4,92,26.93,188.0,117,15.98,219.7,125,9.89,13.5,4,3.65,4,True.
131,CA,75,408,355-2909,no,no,0,166.3,125,28.27,158.2,86,13.45,256.7,80,11.55,6.1,5,1.65,1,False.
2315,MT,42,415,378-7872,no,no,0,150.7,52,25.62,246.7,96,20.97,103.8,118,4.67,7.0,4,1.89,2,False.
3288,SC,78,415,360-3126,no,no,0,109.5,105,18.62,286.1,90,24.32,247.6,113,11.14,4.9,9,1.32,1,False.
3103,DE,115,415,415-8164,no,no,0,195.9,111,33.3,227.0,108,19.3,313.2,113,14.09,13.2,1,3.56,2,False.
2425,KY,55,415,345-4551,no,yes,28,105.3,82,17.9,197.4,109,16.78,187.5,91,8.44,8.6,6,2.32,2,False.
1841,WV,52,510,373-8920,no,yes,21,195.7,119,33.27,106.2,95,9.03,157.4,94,7.08,5.3,3,1.43,2,False.
3251,OH,88,408,354-3040,no,no,0,274.6,105,46.68,161.1,121,13.69,194.4,123,8.75,9.2,4,2.48,2,False.
2610,LA,69,415,420-7692,no,yes,37,155.0,98,26.35,142.4,105,12.1,143.7,117,6.47,5.9,4,1.59,1,False.
631,MT,169,415,361-9621,no,no,0,100.8,112,17.14,230.0,69,19.55,193.6,95,8.71,9.5,2,2.57,0,False.
2961,KY,98,415,333-3010,no,yes,36,168.0,81,28.56,163.2,125,13.87,172.7,120,7.77,8.0,2,2.16,6,True.
379,KS,127,415,345-2931,no,no,0,221.0,100,37.57,160.7,113,13.66,233.1,96,10.49,6.8,4,1.84,2,False.
712,MO,106,415,340-9910,no,no,0,114.4,104,19.45,78.3,101,6.66,232.7,78,10.47,0.0,0,0.0,2,False.
3094,MN,91,415,382-9297,no,no,0,133.8,61,22.75,158.8,96,13.5,189.6,92,8.53,10.5,2,2.84,1,False.
1143,MI,105,415,345-2863,no,yes,29,179.4,113,30.5,275.4,100,23.41,246.1,105,11.07,10.0,5,2.7,0,False.
20,FL,147,415,396-5800,no,no,0,155.1,117,26.37,239.7,93,20.37,208.8,133,9.4,10.6,4,2.86,0,False.
2036,WA,132,415,369-7903,no,no,0,240.1,115,40.82,180.4,91,15.33,133.4,122,6.0,8.0,6,2.16,3,False.
263,SC,78,510,377-8608,no,no,0,168.3,110,28.61,221.2,73,18.8,241.0,136,10.85,12.5,1,3.38,1,False.
3310,NY,94,415,363-1123,no,no,0,190.4,91,32.37,92.0,107,7.82,224.8,108,10.12,13.6,17,3.67,2,False.
396,TX,84,408,339-7139,no,no,0,138.6,102,23.56,199.0,93,16.92,204.1,137,9.18,7.8,4,2.11,0,False.
742,FL,116,415,394-6577,no,yes,17,193.4,112,32.88,240.6,131,20.45,248.1,98,11.16,11.4,3,3.08,5,False.
2377,ND,101,415,364-5510,no,yes,36,123.7,125,21.03,172.6,106,14.67,280.5,127,12.62,8.8,4,2.38,1,True.
1797,WV,92,415,361-1404,no,yes,47,141.6,95,24.07,207.9,130,17.67,203.6,95,9.16,10.2,11,2.75,0,False.
2527,WA,184,408,344-3131,no,no,0,151.7,93,25.79,178.5,77,15.17,229.1,111,10.31,13.1,8,3.54,2,False.
2558,AR,94,408,333-2964,no,no,0,136.2,114,23.15,165.1,118,14.03,137.9,71,6.21,9.6,5,2.59,0,False.
1518,WA,104,415,390-2320,no,no,0,139.7,78,23.75,202.6,119,17.22,203.6,102,9.16,11.3,5,3.05,2,False.
2110,CT,102,415,421-6694,no,yes,25,137.4,100,23.36,176.7,83,15.02,188.2,93,8.47,10.2,6,2.75,2,False.
169,AL,32,510,404-9680,no,no,0,230.9,87,39.25,187.4,90,15.93,154.0,53,6.93,6.3,2,1.7,0,False.
2709,ME,193,415,403-1742,no,yes,31,71.2,58,12.1,124.7,105,10.6,155.5,108,7.0,11.7,3,3.16,0,False.
410,OR,25,408,422-5874,no,no,0,178.8,90,30.4,141.2,72,12.0,203.0,99,9.14,8.4,5,2.27,2,False.
3210,TN,93,510,344-6847,yes,no,0,168.4,114,28.63,276.0,127,23.46,196.2,48,8.83,11.4,3,3.08,1,False.
2777,WI,20,408,344-5967,no,no,0,186.8,89,31.76,253.4,51,21.54,273.1,105,12.29,12.3,6,3.32,2,False.
3126,NJ,108,415,339-4068,no,no,0,239.3,102,40.68,223.4,127,18.99,251.4,104,11.31,10.6,6,2.86,0,False.
1697,NM,132,408,415-5008,no,no,0,169.9,107,28.88,209.4,121,17.8,206.1,79,9.27,11.5,2,3.11,1,False.
767,WV,148,415,391-7937,no,yes,26,244.9,150,41.63,118.0,138,10.03,236.0,91,10.62,15.2,4,4.1,2,False.
1240,TN,108,510,356-8449,no,yes,34,162.1,83,27.56,171.8,117,14.6,259.8,76,11.69,9.6,3,2.59,4,True.
2281,NC,107,415,376-4035,no,yes,38,204.2,57,34.71,205.9,92,17.5,286.5,80,12.89,8.3,4,2.24,0,False.
2143,MA,79,415,419-2767,no,no,0,156.9,109,26.67,122.2,87,10.39,189.1,103,8.51,11.3,5,3.05,3,False.
1306,TX,82,415,395-9215,no,no,0,189.2,81,32.16,184.4,117,15.67,255.8,83,11.51,10.6,5,2.86,3,True.
2667,NJ,136,408,402-7650,no,yes,27,187.7,84,31.91,221.0,147,18.79,145.7,110,6.56,10.0,4,2.7,3,False.
134,AR,163,408,411-5859,no,no,0,197.0,109,33.49,202.6,128,17.22,206.4,80,9.29,9.1,10,2.46,1,False.
1885,SD,27,408,378-4557,no,no,0,236.7,110,40.24,231.9,92,19.71,164.7,85,7.41,12.7,6,3.43,1,False.
1567,WV,94,415,353-2080,no,no,0,85.9,113,14.6,226.7,91,19.27,279.6,110,12.58,15.6,16,4.21,0,False.
1265,WY,95,415,340-4236,no,yes,39,260.8,130,44.34,213.4,111,18.14,195.6,97,8.8,10.1,5,2.73,1,False.
1815,IN,101,415,332-9118,no,yes,42,209.2,82,35.56,159.7,74,13.57,181.6,100,8.17,9.5,3,2.57,0,False.
3222,UT,61,415,349-3843,yes,yes,29,128.2,119,21.79,171.7,83,14.59,250.9,114,11.29,11.7,6,3.16,3,False.
1103,KS,52,415,413-4831,no,no,0,165.5,78,28.14,205.5,89,17.47,213.6,124,9.61,12.2,6,3.29,0,False.
1852,KS,101,510,413-1061,no,yes,25,144.1,144,24.5,167.6,105,14.25,240.0,107,10.8,14.5,3,3.92,1,False.
2609,UT,116,415,380-2929,no,yes,24,232.9,90,39.59,152.1,94,12.93,344.3,82,15.49,10.7,6,2.89,1,False.
1551,MI,225,415,371-2500,no,no,0,165.4,106,28.12,273.7,109,23.26,210.0,93,9.45,8.7,3,2.35,0,True.
2842,RI,121,510,336-1353,no,yes,20,211.9,110,36.02,215.1,120,18.28,238.5,107,10.73,9.4,2,2.54,0,False.
1184,ME,69,510,368-3808,no,no,0,194.2,122,33.01,242.1,81,20.58,215.8,80,9.71,9.7,3,2.62,2,False.
2272,WV,74,510,392-6073,no,no,0,124.0,102,21.08,262.1,101,22.28,268.2,98,12.07,11.7,2,3.16,2,False.
3276,OR,142,510,392-1105,no,yes,22,224.4,114,38.15,146.0,106,12.41,241.4,98,10.86,8.8,2,2.38,1,False.
3139,AL,13,415,354-4333,no,no,0,143.1,139,24.33,239.6,88,20.37,221.7,123,9.98,7.1,5,1.92,2,False.
1144,NH,155,408,353-6300,no,no,0,216.7,30,36.84,144.3,125,12.27,135.3,106,6.09,10.8,1,2.92,2,False.
1493,MT,126,415,344-3466,no,yes,30,153.4,90,26.08,151.4,97,12.87,153.8,97,6.92,12.8,4,3.46,4,True.
828,HI,64,415,414-6638,no,no,0,194.2,147,33.01,173.4,87,14.74,268.7,114,12.09,5.5,2,1.49,2,False.
316,GA,103,415,381-9196,no,yes,28,121.0,105,20.57,270.4,100,22.98,160.5,76,7.22,7.7,4,2.08,2,False.
1890,OH,135,415,412-2947,no,no,0,218.8,123,37.2,242.8,64,20.64,85.8,80,3.86,10.3,3,2.78,4,False.
602,WV,143,510,350-1354,no,no,0,202.8,109,34.48,165.8,104,14.09,143.9,71,6.48,4.6,4,1.24,1,False.
2142,MT,100,415,385-7148,no,no,0,96.5,86,16.41,210.2,133,17.87,146.4,106,6.59,12.5,3,3.38,1,True.
1125,MT,111,408,400-1636,no,no,0,142.3,75,24.19,122.8,106,10.44,229.5,94,10.33,12.8,9,3.46,2,False.
285,SD,145,408,412-1194,no,yes,24,147.5,90,25.08,175.7,108,14.93,252.1,102,11.34,15.6,3,4.21,2,False.
2852,MN,90,408,421-5994,no,no,0,142.4,126,24.21,126.2,118,10.73,274.2,71,12.34,4.6,4,1.24,1,False.
286,MI,137,510,355-9508,no,no,0,206.4,122,35.09,128.0,102,10.88,194.5,84,8.75,8.8,5,2.38,2,False.
2718,OK,84,510,369-1904,no,no,0,203.4,125,34.58,182.9,88,15.55,213.7,121,9.62,13.8,2,3.73,1,False.
655,CA,79,510,416-8701,no,no,0,157.6,85,26.79,194.1,92,16.5,231.5,86,10.42,9.4,10,2.54,5,True.
1590,MD,75,415,367-9765,no,yes,39,198.2,107,33.69,280.4,132,23.83,129.6,73,5.83,11.3,7,3.05,1,False.
180,WV,94,510,355-5009,yes,yes,23,197.1,125,33.51,214.5,136,18.23,282.2,103,12.7,9.5,5,2.57,4,False.
2720,MI,158,415,348-5569,no,no,0,195.9,103,33.3,89.1,95,7.57,302.2,82,13.6,10.3,3,2.78,1,False.
1201,OH,119,415,359-5718,no,yes,35,217.1,92,36.91,220.8,134,18.77,249.5,93,11.23,8.0,5,2.16,2,False.
1029,MN,116,510,337-3769,no,no,0,201.8,82,34.31,231.5,95,19.68,226.1,130,10.17,16.5,5,4.46,0,False.
417,AZ,117,408,417-4404,no,no,0,239.9,84,40.78,174.8,106,14.86,209.5,93,9.43,9.8,2,2.65,0,False.
3119,MO,83,408,362-2356,no,no,0,117.9,101,20.04,160.4,92,13.63,235.3,150,10.59,11.4,10,3.08,0,False.
2204,MS,43,510,358-3691,no,no,0,159.5,99,27.12,119.7,149,10.17,173.9,126,7.83,6.8,3,1.84,2,False.
741,NE,66,415,337-1225,no,no,0,34.0,133,5.78,278.6,61,23.68,129.6,120,5.83,11.5,3,3.11,0,False.
2197,LA,133,415,360-7079,no,no,0,216.2,67,36.75,222.2,133,18.89,192.0,95,8.64,3.1,1,0.84,2,False.
3012,NY,91,510,394-8256,no,no,0,109.8,100,18.67,189.6,104,16.12,206.7,85,9.3,11.1,3,3.0,1,False.
2923,KY,110,510,388-9464,no,no,0,99.4,62,16.9,275.0,86,23.38,212.1,94,9.54,16.7,3,4.51,2,False.
190,CO,107,415,418-4365,no,no,0,133.8,85,22.75,180.5,94,15.34,112.2,115,5.05,8.9,4,2.4,0,False.
1040,CT,150,510,411-8549,no,no,0,189.3,77,32.18,220.9,105,18.78,238.7,117,10.74,9.2,5,2.48,4,False.
1968,KY,72,408,407-9290,no,no,0,177.1,97,30.11,184.7,105,15.7,174.1,94,7.83,8.0,6,2.16,1,False.
2970,ND,90,415,329-8638,no,yes,22,124.5,94,21.17,231.7,90,19.69,222.2,108,10.0,6.4,12,1.73,1,False.
629,GA,76,415,372-6497,no,no,0,299.5,125,50.92,226.7,92,19.27,210.7,134,9.48,13.7,4,3.7,0,True.
1957,KY,147,408,396-2945,no,no,0,212.8,79,36.18,204.1,91,17.35,156.2,113,7.03,10.2,2,2.75,1,False.
2003,OR,33,415,344-5973,yes,no,0,190.6,100,32.4,161.7,104,13.74,189.9,136,8.55,13.0,6,3.51,1,False.
1814,KY,72,415,418-8770,no,no,0,198.4,147,33.73,216.9,121,18.44,112.8,125,5.08,13.1,4,3.54,0,False.
499,WV,95,415,378-8019,no,no,0,175.2,91,29.78,244.4,109,20.77,75.8,95,3.41,7.5,2,2.03,1,False.
2542,SC,19,510,408-5322,no,no,0,259.4,116,44.1,269.7,109,22.92,175.3,130,7.89,9.5,3,2.57,1,True.
632,ND,68,408,421-2723,no,yes,22,82.5,97,14.03,289.9,94,24.64,180.0,114,8.1,4.8,4,1.3,3,False.
162,IA,141,510,406-4710,no,yes,36,187.5,99,31.88,241.4,116,20.52,229.5,105,10.33,10.5,5,2.84,3,False.
484,GA,85,510,395-1962,no,no,0,222.3,132,37.79,231.5,101,19.68,223.5,75,10.06,11.0,2,2.97,3,False.
2515,MD,111,510,372-8883,no,no,0,123.1,88,20.93,213.9,84,18.18,184.9,88,8.32,12.0,2,3.24,5,True.
1750,ME,23,510,376-9607,no,no,0,113.1,74,19.23,168.8,95,14.35,262.9,126,11.83,6.9,2,1.86,1,True.
749,NM,87,510,417-1272,yes,no,0,167.3,119,28.44,198.5,119,16.87,133.1,88,5.99,11.0,6,2.97,1,False.
461,RI,115,408,360-3525,no,no,0,147.9,109,25.14,228.4,117,19.41,299.7,90,13.49,9.6,9,2.59,3,False.
1018,WY,76,415,408-6326,no,no,0,263.4,148,44.78,230.3,69,19.58,170.6,101,7.68,11.4,5,3.08,1,True.
1357,AZ,97,408,386-3596,no,no,0,169.7,84,28.85,165.9,86,14.1,191.9,83,8.64,12.8,6,3.46,3,False.
91,LA,155,415,334-1275,no,no,0,203.4,100,34.58,190.9,104,16.23,196.0,119,8.82,8.9,4,2.4,0,True.
1561,MA,80,408,377-8266,no,no,0,148.6,106,25.26,210.8,65,17.92,203.7,86,9.17,10.0,2,2.7,2,False.
914,MO,179,510,355-2464,no,no,0,287.3,123,48.84,288.0,114,24.48,266.0,112,11.97,10.5,4,2.84,0,True.
1713,MO,76,510,418-7055,no,no,0,129.7,84,22.05,177.5,80,15.09,228.9,87,10.3,7.5,3,2.03,5,True.
1563,MN,161,415,394-8086,no,yes,39,218.5,76,37.15,112.7,94,9.58,205.1,121,9.23,7.3,4,1.97,1,False.
612,OR,151,510,339-1405,no,no,0,156.4,108,26.59,233.4,118,19.84,195.7,141,8.81,7.7,6,2.08,4,False.
2792,NC,129,415,347-5113,no,no,0,54.7,131,9.3,256.1,105,21.77,176.6,135,7.95,11.1,4,3.0,1,False.
1972,ND,124,415,351-1466,no,no,0,150.3,101,25.55,255.9,112,21.75,136.7,62,6.15,12.5,4,3.38,2,False.
2201,NY,116,510,346-4984,no,no,0,89.5,128,15.22,180.8,137,15.37,193.1,94,8.69,14.0,3,3.78,2,False.
2698,MA,145,415,381-7003,no,no,0,175.8,89,29.89,274.3,119,23.32,226.6,69,10.2,12.4,4,3.35,1,False.
2838,NM,178,415,398-1332,no,yes,35,175.4,88,29.82,190.0,65,16.15,138.7,94,6.24,10.5,3,2.84,2,False.
763,TN,33,415,360-9038,no,yes,35,186.8,124,31.76,261.0,69,22.19,317.8,103,14.3,15.0,5,4.05,0,False.
3175,MD,51,510,378-6986,no,yes,28,276.7,121,47.04,203.7,99,17.31,246.2,88,11.08,8.3,3,2.24,0,False.
2759,IN,130,408,334-9818,no,no,0,115.6,129,19.65,167.8,104,14.26,141.8,124,6.38,12.6,9,3.4,1,False.
895,MD,106,415,343-2350,no,no,0,165.3,118,28.1,210.0,101,17.85,187.2,93,8.42,8.5,3,2.3,2,False.
1690,PA,174,415,353-1352,no,yes,15,221.8,143,37.71,210.6,115,17.9,221.8,109,9.98,12.4,9,3.35,1,False.
3148,WA,60,415,366-8939,yes,no,0,205.9,97,35.0,277.4,117,23.58,202.0,139,9.09,11.0,2,2.97,0,True.
3167,NH,152,510,336-9273,no,no,0,228.1,93,38.78,136.4,106,11.59,197.3,107,8.88,9.0,2,2.43,1,False.
1226,AR,109,510,377-9092,no,no,0,170.7,101,29.02,240.2,82,20.42,119.0,112,5.36,11.4,4,3.08,2,False.
2384,CT,40,510,361-1900,yes,no,0,220.8,100,37.54,265.7,106,22.58,212.8,94,9.58,6.4,3,1.73,0,False.
3122,TN,3,415,400-4713,no,no,0,185.0,120,31.45,203.7,129,17.31,170.5,89,7.67,14.1,3,3.81,3,False.
1413,SD,95,408,406-4840,no,yes,20,165.7,78,28.17,215.6,94,18.33,243.3,91,10.95,9.8,6,2.65,0,False.
605,MO,112,415,373-2053,no,no,0,335.5,77,57.04,212.5,109,18.06,265.0,132,11.93,12.7,8,3.43,2,True.
623,LA,172,415,392-8905,no,no,0,215.7,140,36.67,146.3,84,12.44,264.6,83,11.91,7.1,1,1.92,3,False.
679,TX,75,415,384-2372,yes,no,0,222.4,78,37.81,327.0,111,27.8,208.0,104,9.36,8.7,9,2.35,1,True.
1528,OH,143,415,337-7167,no,no,0,223.3,99,37.96,167.1,128,14.2,203.0,84,9.14,4.5,4,1.22,0,True.
1346,PA,106,408,403-9167,yes,no,0,133.7,45,22.73,187.8,107,15.96,181.9,89,8.19,10.7,2,2.89,1,True.
319,SD,128,510,413-9269,yes,yes,32,223.5,81,38.0,188.8,74,16.05,154.9,101,6.97,9.4,2,2.54,2,True.
1822,OH,127,408,396-9462,no,no,0,139.6,94,23.73,240.9,112,20.48,127.1,88,5.72,8.8,4,2.38,2,False.
96,MT,73,415,370-3450,no,no,0,160.1,110,27.22,213.3,72,18.13,174.1,72,7.83,13.0,4,3.51,0,False.
1942,MO,42,415,410-5250,no,no,0,184.5,98,31.37,200.5,93,17.04,279.2,91,12.56,8.8,3,2.38,2,False.
701,RI,94,415,348-9945,no,no,0,139.4,95,23.7,159.1,92,13.52,128.2,129,5.77,7.7,3,2.08,0,False.
1488,GA,189,408,336-3488,no,no,0,227.4,84,38.66,176.0,81,14.96,206.1,120,9.27,6.3,4,1.7,2,False.
2821,TX,130,408,385-6175,no,no,0,252.0,101,42.84,170.2,105,14.47,209.2,64,9.41,5.7,5,1.54,0,False.
1289,OR,129,408,382-1104,no,no,0,98.0,99,16.66,240.7,62,20.46,254.8,123,11.47,10.5,4,2.84,0,False.
3063,CT,63,408,344-8498,no,yes,25,190.0,137,32.3,116.6,76,9.91,141.5,110,6.37,12.2,2,3.29,1,False.
277,SD,144,408,339-3049,no,yes,48,189.8,96,32.27,123.4,67,10.49,214.2,106,9.64,6.5,2,1.76,2,True.
3242,MA,58,415,359-2740,no,yes,30,178.1,111,30.28,236.7,109,20.12,264.0,118,11.88,8.4,2,2.27,0,False.
3172,WY,41,510,381-2413,no,no,0,223.8,67,38.05,244.8,74,20.81,223.8,156,10.07,12.3,5,3.32,3,False.
2550,AR,87,408,390-4789,no,no,0,185.8,119,31.59,192.3,83,16.35,200.0,96,9.0,6.6,4,1.78,1,False.
2492,SC,73,415,344-9347,no,no,0,203.3,45,34.56,141.9,87,12.06,200.7,71,9.03,8.5,6,2.3,0,False.
713,VA,158,415,396-2719,no,no,0,222.8,101,37.88,203.0,128,17.26,210.6,106,9.48,6.9,2,1.86,2,False.
1072,MO,164,408,400-3497,no,yes,25,219.1,88,37.25,151.5,99,12.88,50.1,60,2.25,14.3,6,3.86,1,False.
2405,ID,92,415,333-4594,no,yes,29,201.3,130,34.22,203.7,115,17.31,129.9,113,5.85,6.4,6,1.73,1,True.
3330,RI,28,510,328-8230,no,no,0,180.8,109,30.74,288.8,58,24.55,191.9,91,8.64,14.1,6,3.81,2,False.
2773,NJ,134,510,373-3959,no,yes,34,247.2,105,42.02,225.5,133,19.17,186.3,76,8.38,6.1,5,1.65,2,True.
607,NC,63,415,347-7420,no,yes,29,142.3,107,24.19,118.7,56,10.09,240.1,91,10.8,6.6,8,1.78,1,False.
175,NE,94,415,377-1765,no,no,0,252.6,104,42.94,169.0,125,14.37,170.9,106,7.69,11.1,7,3.0,2,False.
1251,TX,87,415,420-7301,no,no,0,169.1,105,28.75,169.9,102,14.44,244.9,106,11.02,9.9,10,2.67,3,False.
1847,WY,54,408,405-7850,no,yes,39,143.9,73,24.46,210.3,117,17.88,129.2,117,5.81,12.5,8,3.38,2,False.
289,OK,89,510,352-6976,no,no,0,303.9,95,51.66,260.9,114,22.18,312.1,89,14.04,5.3,3,1.43,1,True.
201,DE,62,408,377-9932,no,no,0,182.3,101,30.99,328.2,93,27.9,245.0,131,11.03,11.2,1,3.02,2,False.
3,OH,84,408,375-9999,yes,no,0,299.4,71,50.9,61.9,88,5.26,196.9,89,8.86,6.6,7,1.78,2,False.
1621,SC,138,510,370-9533,no,yes,21,19.5,149,3.32,140.9,109,11.98,179.7,111,8.09,7.9,1,2.13,0,False.
1577,UT,100,408,384-1549,no,no,0,179.1,123,30.45,196.6,132,16.71,186.7,116,8.4,10.2,10,2.75,1,False.
660,MT,109,408,405-4920,no,no,0,264.7,69,45.0,305.0,120,25.93,197.4,86,8.88,9.5,9,2.57,1,True.
1257,UT,73,415,394-9934,no,no,0,182.3,115,30.99,199.2,97,16.93,120.2,113,5.41,18.0,5,4.86,1,False.
1899,AZ,134,415,332-6633,no,yes,40,142.9,105,24.29,88.6,61,7.53,290.0,96,13.05,10.8,6,2.92,1,False.
1157,FL,116,408,418-8850,no,no,0,146.4,123,24.89,176.6,113,15.01,212.6,102,9.57,7.8,5,2.11,1,False.
682,NE,189,415,417-7888,no,yes,38,256.7,98,43.64,150.5,120,12.79,123.0,87,5.54,11.4,3,3.08,3,False.
2118,TX,37,510,346-2020,yes,no,0,172.9,119,29.39,183.0,86,15.56,226.4,100,10.19,9.8,1,2.65,0,True.
1634,MO,72,415,385-2564,no,no,0,165.9,114,28.2,235.9,97,20.05,210.1,120,9.45,12.0,5,3.24,2,False.
439,MI,81,415,408-3384,no,no,0,153.5,99,26.1,197.6,102,16.8,198.5,86,8.93,6.3,2,1.7,2,False.
402,UT,96,408,410-4023,no,yes,26,145.8,108,24.79,192.2,89,16.34,165.1,96,7.43,9.9,2,2.67,1,False.
2255,MD,166,415,381-1328,no,no,0,136.1,116,23.14,181.4,93,15.42,131.4,108,5.91,11.3,4,3.05,0,False.
3223,NC,110,408,396-5561,no,no,0,159.5,145,27.12,202.3,101,17.2,256.0,96,11.52,16.7,2,4.51,2,False.
2589,MT,101,415,353-5714,no,no,0,154.4,130,26.25,217.2,101,18.46,185.4,52,8.34,13.9,4,3.75,1,False.
270,PA,101,415,410-3390,no,no,0,206.6,105,35.12,224.9,117,19.12,249.9,100,11.25,14.6,3,3.94,0,False.
1004,DE,64,415,402-3599,no,yes,27,201.3,101,34.22,143.8,89,12.22,150.2,127,6.76,12.3,3,3.32,1,False.
1149,MD,37,415,420-2000,yes,no,0,106.6,76,18.12,147.4,89,12.53,235.8,113,10.61,9.6,8,2.59,2,False.
2072,WI,162,408,412-8811,no,no,0,177.1,131,30.11,114.7,122,9.75,153.6,88,6.91,6.5,6,1.76,3,False.
1468,OH,75,510,372-2296,no,yes,27,117.5,102,19.98,206.8,127,17.58,194.4,114,8.75,4.2,7,1.13,3,False.
342,IL,44,415,350-6639,no,yes,34,221.8,105,37.71,161.7,85,13.74,227.7,62,10.25,14.0,7,3.78,0,False.
16,ID,85,408,350-8884,no,yes,27,196.4,139,33.39,280.9,90,23.88,89.3,75,4.02,13.8,4,3.73,1,False.
714,SD,168,415,369-6204,no,yes,22,175.9,70,29.9,211.7,105,17.99,174.5,81,7.85,7.3,5,1.97,2,False.
2461,WY,78,408,384-3902,no,no,0,220.0,95,37.4,179.9,121,15.29,188.2,109,8.47,11.5,5,3.11,0,False.
1135,ID,144,415,402-3476,no,yes,33,251.6,87,42.77,197.6,118,16.8,209.2,97,9.41,12.2,3,3.29,2,False.
2837,NC,75,408,406-5003,no,no,0,203.3,70,34.56,228.9,97,19.46,222.2,118,10.0,14.3,3,3.86,1,False.
172,NM,25,415,381-2709,no,no,0,119.3,87,20.28,211.5,101,17.98,268.9,86,12.1,10.5,4,2.84,3,False.
454,OH,97,408,405-6189,no,no,0,256.4,125,43.59,273.9,100,23.28,222.7,101,10.02,11.1,1,3.0,1,True.
460,UT,90,415,384-1621,no,no,0,261.8,128,44.51,220.6,104,18.75,136.6,91,6.15,9.6,5,2.59,1,False.
3219,NY,150,415,421-6268,no,yes,35,139.6,72,23.73,332.8,170,28.29,213.8,105,9.62,8.8,2,2.38,2,False.
1672,VT,95,510,395-6369,no,no,0,203.4,96,34.58,168.6,61,14.33,173.0,105,7.79,13.7,3,3.7,2,False.
1554,ID,169,415,399-9239,no,no,0,235.7,79,40.07,136.9,85,11.64,220.9,97,9.94,13.3,10,3.59,1,False.
3176,NY,122,415,386-6580,no,no,0,141.4,128,24.04,146.4,70,12.44,123.0,75,5.54,8.1,4,2.19,0,False.
1079,MN,158,408,372-6623,no,no,0,209.9,112,35.68,221.3,82,18.81,210.0,93,9.45,8.2,3,2.21,1,False.
2537,NC,122,415,396-8662,no,no,0,215.6,86,36.65,167.8,59,14.26,207.0,67,9.32,6.4,8,1.73,3,False.
1171,TX,32,408,396-4311,no,no,0,157.9,88,26.84,180.8,132,15.37,132.5,102,5.96,12.8,3,3.46,1,False.
2548,MN,117,408,378-7418,no,yes,21,153.2,112,26.04,263.3,110,22.38,135.0,85,6.08,11.9,7,3.21,1,False.
2913,CA,185,408,358-4036,no,no,0,139.6,92,23.73,250.2,115,21.27,158.1,79,7.11,10.8,4,2.92,1,False.
2556,WA,118,510,422-2571,no,no,0,113.0,80,19.21,150.1,87,12.76,204.3,115,9.19,10.8,4,2.92,2,False.
198,ME,131,510,353-7292,yes,yes,26,292.9,101,49.79,199.7,97,16.97,255.3,127,11.49,13.8,7,3.73,4,True.
2509,KY,108,408,376-4665,no,no,0,73.8,105,12.55,143.4,114,12.19,170.2,98,7.66,10.9,3,2.94,2,False.
2214,CT,90,415,347-6994,no,no,0,175.9,111,29.9,285.2,115,24.24,150.8,122,6.79,13.0,7,3.51,1,False.
1134,TN,105,408,353-8849,no,no,0,206.2,84,35.05,256.4,138,21.79,117.1,91,5.27,9.0,3,2.43,1,False.
720,CT,100,415,360-9676,no,yes,38,177.1,88,30.11,163.7,108,13.91,242.7,72,10.92,7.4,2,2.0,0,False.
3241,AK,177,415,384-6132,yes,no,0,248.7,118,42.28,172.3,73,14.65,191.9,87,8.64,11.3,2,3.05,1,True.
2145,NM,105,415,362-7870,no,no,0,193.7,108,32.93,183.2,124,15.57,293.7,72,13.22,10.8,5,2.92,1,False.
478,AZ,140,408,393-4086,no,no,0,149.8,134,25.47,164.4,98,13.97,294.7,124,13.26,8.1,2,2.19,1,False.
360,CO,159,408,341-4463,yes,no,0,257.1,53,43.71,312.2,127,26.54,183.0,82,8.24,8.8,6,2.38,1,True.
2468,WV,152,510,332-6139,yes,yes,41,146.8,128,24.96,285.6,96,24.28,213.6,80,9.61,4.3,2,1.16,1,True.
2135,AL,100,415,377-5258,no,no,0,160.3,138,27.25,221.3,92,18.81,150.4,120,6.77,11.2,2,3.02,0,False.
1038,CA,112,415,338-6962,no,no,0,111.9,92,19.02,114.0,143,9.69,146.8,79,6.61,14.1,3,3.81,5,True.
1085,MT,60,408,360-1852,no,no,0,252.7,97,42.96,221.1,121,18.79,109.9,100,4.95,12.4,4,3.35,2,False.
1161,MN,40,510,354-2189,yes,no,0,170.7,55,29.02,179.1,108,15.22,281.9,89,12.69,8.2,9,2.21,3,False.
2130,NM,93,415,334-7618,no,no,0,239.8,70,40.77,251.8,99,21.4,168.6,112,7.59,10.9,10,2.94,1,False.
2549,IL,79,408,412-6019,yes,no,0,103.5,134,17.6,319.3,111,27.14,239.9,124,10.8,8.4,4,2.27,2,False.
1809,MN,117,408,373-3731,no,no,0,161.6,104,27.47,196.3,119,16.69,294.8,111,13.27,13.8,2,3.73,1,False.
1893,IN,68,510,330-9354,no,no,0,249.9,127,42.48,254.5,118,21.63,273.2,98,12.29,8.9,6,2.4,2,True.
1253,RI,85,415,381-2460,yes,no,0,197.2,97,33.52,211.7,115,17.99,210.1,133,9.45,8.3,4,2.24,4,False.
2207,MN,166,408,333-5551,no,no,0,152.1,95,25.86,121.0,105,10.29,198.0,126,8.91,9.8,5,2.65,0,False.
1959,NY,60,510,328-4231,no,yes,31,191.8,75,32.61,267.8,135,22.76,200.5,62,9.02,12.8,3,3.46,2,False.
418,SD,128,408,372-8048,no,yes,34,142.3,73,24.19,194.8,79,16.56,239.3,81,10.77,16.0,6,4.32,1,False.
2488,OH,94,415,393-5208,no,no,0,181.3,135,30.82,182.4,108,15.5,180.6,103,8.13,6.7,2,1.81,0,False.
109,UT,157,408,403-4298,no,no,0,229.8,90,39.07,147.9,121,12.57,241.4,108,10.86,9.6,7,2.59,3,False.
564,CT,66,415,417-7973,no,yes,29,229.4,104,39.0,257.4,84,21.88,231.5,119,10.42,8.0,1,2.16,2,False.
3281,UT,100,408,370-9296,no,no,0,185.0,122,31.45,182.5,92,15.51,274.9,92,12.37,5.1,8,1.38,1,False.
282,AK,48,415,389-7073,no,yes,37,211.7,115,35.99,159.9,84,13.59,144.1,80,6.48,12.2,1,3.29,1,False.
2239,FL,22,415,378-9506,no,no,0,181.8,108,30.91,198.6,148,16.88,206.6,96,9.3,9.3,3,2.51,2,False.
3088,AK,100,415,394-5202,no,yes,29,213.6,127,36.31,175.9,82,14.95,207.2,100,9.32,8.9,3,2.4,1,False.
2502,DC,115,408,393-5802,no,no,0,178.7,114,30.38,271.0,96,23.04,245.9,94,11.07,16.4,5,4.43,2,False.
2375,OR,51,510,394-3023,no,no,0,51.8,107,8.81,230.2,104,19.57,227.5,118,10.24,10.4,4,2.81,2,False.
2457,MD,130,415,364-9567,no,yes,45,174.5,120,29.67,217.5,95,18.49,220.3,67,9.91,12.2,2,3.29,1,False.
432,MI,112,510,420-1383,no,no,0,243.4,77,41.38,182.1,97,15.48,259.2,94,11.66,12.8,2,3.46,1,False.
1408,NM,232,408,386-9177,no,no,0,165.6,104,28.15,195.9,115,16.65,118.3,77,5.32,11.8,3,3.19,1,False.
2306,DE,99,415,416-6628,no,no,0,254.4,120,43.25,159.3,92,13.54,264.4,94,11.9,6.0,5,1.62,1,False.
2938,NE,31,415,338-9044,no,no,0,97.5,129,16.58,260.4,78,22.13,88.7,100,3.99,7.0,5,1.89,1,False.
2978,UT,83,510,386-6114,no,no,0,208.9,71,35.51,214.8,92,18.26,247.9,108,11.16,13.0,5,3.51,1,False.
1342,AK,52,415,356-5244,no,yes,24,170.9,71,29.05,201.4,80,17.12,159.0,124,7.15,4.1,5,1.11,2,False.
1145,ID,31,415,389-5649,no,no,0,177.3,129,30.14,152.8,105,12.99,162.9,92,7.33,5.1,2,1.38,0,False.
473,WV,72,510,418-6651,no,yes,33,96.6,59,16.42,315.4,98,26.81,163.3,117,7.35,6.2,4,1.67,4,True.
989,NV,178,408,359-4587,no,no,0,275.4,150,46.82,187.5,62,15.94,147.1,126,6.62,13.6,3,3.67,1,False.
1535,ME,99,415,347-8205,no,no,0,222.4,102,37.81,185.8,89,15.79,237.7,81,10.7,12.0,8,3.24,2,False.
2526,NJ,57,510,330-2635,yes,no,0,115.0,65,19.55,122.3,96,10.4,245.0,75,11.03,6.4,1,1.73,0,True.
3155,IL,123,408,337-3932,no,no,0,114.8,94,19.52,150.0,104,12.75,268.6,119,12.09,9.6,4,2.59,2,False.
2297,MO,136,415,358-1329,no,no,0,92.4,109,15.71,219.0,115,18.62,212.6,80,9.57,12.9,4,3.48,2,False.
2317,AL,106,415,349-3732,no,no,0,212.9,110,36.19,187.0,69,15.9,128.1,71,5.76,6.3,3,1.7,3,False.
1447,GA,160,415,335-8836,no,no,0,174.3,105,29.63,171.3,107,14.56,220.8,131,9.94,8.3,2,2.24,0,False.
3216,SD,221,510,365-2192,no,yes,24,180.5,85,30.69,224.1,92,19.05,205.7,103,9.26,2.4,3,0.65,0,False.
1076,WY,53,415,337-4339,no,yes,27,25.9,119,4.4,206.5,96,17.55,228.1,64,10.26,6.5,7,1.76,1,False.
2484,IN,141,415,354-7718,no,yes,39,116.9,127,19.87,276.5,88,23.5,289.9,125,13.05,12.3,2,3.32,0,False.
557,TX,58,408,420-1259,no,yes,20,194.5,110,33.07,213.7,89,18.16,236.6,92,10.65,9.5,2,2.57,1,False.
2025,IN,119,510,382-4952,no,no,0,154.5,129,26.27,193.6,87,16.46,180.9,145,8.14,13.4,3,3.62,2,False.
2671,SC,152,408,397-9933,no,no,0,140.5,92,23.89,186.8,96,15.88,227.0,89,10.22,9.5,5,2.57,2,False.
1479,NJ,66,415,410-5713,no,yes,16,174.7,92,29.7,232.1,105,19.73,305.4,98,13.74,8.9,2,2.4,1,False.
2719,NH,119,415,359-3833,no,yes,19,178.1,110,30.28,212.8,100,18.09,226.3,123,10.18,10.0,6,2.7,1,False.
592,OK,92,510,411-8140,no,no,0,176.3,85,29.97,93.4,125,7.94,207.2,107,9.32,9.6,1,2.59,2,False.
647,ME,88,415,420-5179,no,no,0,192.0,91,32.64,127.6,127,10.85,155.6,125,7.0,7.5,5,2.03,1,False.
406,IL,21,415,343-9658,no,no,0,146.0,78,24.82,109.7,79,9.32,247.4,108,11.13,6.8,7,1.84,0,False.
589,WI,117,408,375-8493,no,yes,14,80.2,81,13.63,219.0,103,18.62,122.6,102,5.52,8.6,2,2.32,1,False.
2283,AR,98,415,328-7833,no,no,0,227.1,116,38.61,120.5,103,10.24,117.0,102,5.27,4.7,4,1.27,5,True.
1091,ME,59,510,398-4567,no,no,0,166.3,95,28.27,239.3,87,20.34,123.2,108,5.54,10.0,3,2.7,2,False.
378,MO,95,415,374-7787,yes,no,0,165.5,84,28.14,286.2,112,24.33,198.9,89,8.95,11.5,2,3.11,1,True.
211,AZ,144,510,346-7795,yes,no,0,203.5,100,34.6,247.6,103,21.05,194.3,94,8.74,11.9,11,3.21,0,False.
1785,MO,45,510,398-2628,no,yes,29,135.8,104,23.09,222.5,101,18.91,235.6,92,10.6,7.9,6,2.13,2,False.
1205,NJ,153,415,419-6133,no,no,0,193.8,90,32.95,195.3,121,16.6,182.7,108,8.22,8.5,3,2.3,1,False.
1480,WI,78,408,408-5916,no,no,0,87.0,102,14.79,193.6,64,16.46,205.8,120,9.26,11.0,5,2.97,0,False.
1438,ND,60,510,353-9339,no,no,0,203.2,99,34.54,235.8,131,20.04,224.9,112,10.12,15.1,6,4.08,2,False.
1807,ND,110,408,348-1706,no,no,0,196.1,103,33.34,199.7,123,16.97,135.9,71,6.12,12.9,1,3.48,3,False.
871,MA,98,510,366-3358,no,no,0,271.4,119,46.14,190.4,102,16.18,284.7,118,12.81,11.1,6,3.0,4,True.
13,MT,95,510,394-8006,no,no,0,156.6,88,26.62,247.6,75,21.05,192.3,115,8.65,12.3,5,3.32,3,False.
770,MN,179,415,418-9502,no,no,0,170.7,54,29.02,191.1,108,16.24,214.6,107,9.66,13.3,4,3.59,1,False.
2825,VA,99,510,352-4401,no,no,0,128.3,78,21.81,215.3,120,18.3,143.7,140,6.47,14.3,9,3.86,2,False.
1078,ME,80,408,333-7631,no,no,0,322.3,113,54.79,222.0,95,18.87,162.8,123,7.33,6.7,8,1.81,0,True.
3091,VA,117,408,363-4779,no,no,0,97.1,98,16.51,228.0,131,19.38,240.0,111,10.8,10.6,3,2.86,1,False.
3255,RI,138,510,411-6823,yes,no,0,286.2,61,48.65,187.2,60,15.91,146.2,114,6.58,11.0,4,2.97,2,True.
1902,AL,85,415,368-9007,no,no,0,210.3,66,35.75,195.8,76,16.64,221.6,82,9.97,11.2,7,3.02,1,False.
2733,NM,158,408,377-2725,no,no,0,172.4,114,29.31,256.6,69,21.81,235.3,104,10.59,0.0,0,0.0,2,False.
772,ID,77,510,356-3403,no,no,0,189.5,112,32.22,207.0,95,17.6,214.1,91,9.63,9.2,7,2.48,0,False.
3285,KS,57,415,362-2067,no,no,0,158.1,117,26.88,115.2,149,9.79,182.4,92,8.21,11.8,7,3.19,0,False.
3220,WI,184,408,401-5915,no,yes,12,200.3,76,34.05,253.6,105,21.56,149.3,93,6.72,10.2,5,2.75,0,False.
577,OR,110,408,333-3421,no,no,0,149.8,112,25.47,180.0,93,15.3,140.0,119,6.3,11.7,4,3.16,2,False.
357,NM,122,408,385-8730,no,yes,23,134.2,85,22.81,227.3,132,19.32,122.4,96,5.51,8.5,2,2.3,2,False.
870,OH,123,408,420-9575,no,no,0,105.0,150,17.85,251.6,90,21.39,258.0,93,11.61,14.9,5,4.02,0,False.
2023,OK,87,415,386-8118,no,no,0,205.2,106,34.88,99.5,122,8.46,189.5,75,8.53,13.4,3,3.62,1,False.
1086,NJ,113,408,421-7270,no,no,0,132.1,72,22.46,247.5,107,21.04,246.2,123,11.08,6.9,6,1.86,3,False.
1412,MT,131,415,353-3492,no,yes,24,135.9,60,23.1,233.2,78,19.82,210.6,121,9.48,9.4,4,2.54,1,False.
2028,SD,93,510,408-4836,no,no,0,328.1,106,55.78,151.7,89,12.89,303.5,114,13.66,8.7,3,2.35,1,True.
851,MA,136,408,367-8168,yes,no,0,199.6,89,33.93,211.4,96,17.97,72.4,84,3.26,11.0,4,2.97,3,True.
790,AZ,92,415,416-9522,yes,yes,45,281.1,88,47.79,198.0,103,16.83,94.3,76,4.24,7.5,3,2.03,0,False.
1510,NY,92,408,348-2916,no,no,0,265.6,82,45.15,180.7,75,15.36,211.1,113,9.5,8.6,2,2.32,1,False.
869,NE,127,510,348-5567,yes,no,0,180.9,114,30.75,209.5,118,17.81,249.9,105,11.25,7.4,4,2.0,2,False.
2426,WV,75,415,405-9864,no,no,0,111.7,121,18.99,237.3,119,20.17,253.5,110,11.41,13.1,6,3.54,1,False.
1995,NV,118,510,381-1026,no,yes,35,256.3,119,43.57,258.1,91,21.94,215.5,130,9.7,11.7,1,3.16,1,False.
815,KY,75,415,341-1191,no,no,0,314.6,102,53.48,169.8,86,14.43,285.1,100,12.83,5.7,3,1.54,2,True.
1122,NE,159,415,362-5111,no,no,0,189.1,105,32.15,246.1,147,20.92,242.0,106,10.89,10.4,5,2.81,1,True.
2373,RI,83,510,357-2294,no,no,0,259.7,106,44.15,152.7,116,12.98,224.7,92,10.11,10.2,2,2.75,0,False.
1773,ND,87,415,343-4147,yes,yes,40,221.6,79,37.67,157.1,74,13.35,222.4,124,10.01,11.5,3,3.11,1,False.
2762,DC,80,408,327-9957,no,no,0,51.5,90,8.76,164.0,98,13.94,169.4,80,7.62,9.5,4,2.57,3,False.
2433,KY,80,415,330-3008,no,no,0,220.0,114,37.4,207.7,76,17.65,168.4,137,7.58,12.1,3,3.27,2,False.
3084,AR,129,415,379-7192,no,no,0,157.0,113,26.69,256.9,97,21.84,185.5,126,8.35,12.1,2,3.27,2,False.
978,VT,63,415,394-7447,no,no,0,278.0,102,47.26,266.4,114,22.64,224.1,118,10.08,13.1,4,3.54,4,True.
2900,MS,78,408,361-7283,no,no,0,108.6,108,18.46,209.9,126,17.84,222.6,117,10.02,7.9,5,2.13,1,True.
1015,AL,122,415,336-5920,no,no,0,232.5,96,39.53,205.5,120,17.47,213.7,91,9.62,11.9,2,3.21,0,False.
83,GA,70,415,411-1530,no,yes,24,249.5,101,42.42,259.7,98,22.07,222.7,68,10.02,9.8,4,2.65,1,False.
885,ME,66,408,378-4145,no,yes,26,254.9,108,43.33,243.2,135,20.67,190.8,95,8.59,5.4,3,1.46,2,False.
189,WA,51,408,338-6981,no,no,0,232.4,109,39.51,187.4,95,15.93,231.2,107,10.4,9.1,3,2.46,1,False.
2541,KY,73,408,369-7295,no,no,0,94.9,121,16.13,253.2,83,21.52,175.1,86,7.88,14.2,2,3.83,2,False.
2037,NE,86,408,399-6852,no,no,0,83.8,121,14.25,240.2,96,20.42,158.6,108,7.14,6.7,8,1.81,1,False.
1163,OR,157,510,334-1311,no,yes,30,194.3,107,33.03,243.2,108,20.67,322.2,114,14.5,7.1,5,1.92,1,False.
2892,DE,103,415,346-5053,no,yes,34,138.8,80,23.6,142.0,108,12.07,183.8,77,8.27,11.8,7,3.19,1,False.
535,NE,194,408,408-3532,no,no,0,48.4,101,8.23,281.1,138,23.89,218.5,87,9.83,18.2,1,4.91,1,False.
2100,NY,112,408,396-7687,no,yes,30,60.6,113,10.3,165.9,96,14.1,132.8,99,5.98,13.3,7,3.59,0,False.
2930,SC,124,415,340-4028,no,no,0,160.9,109,27.35,144.2,152,12.26,120.4,97,5.42,12.9,12,3.48,1,False.
2686,NV,92,415,404-3105,no,yes,44,152.0,95,25.84,274.9,73,23.37,162.4,121,7.31,10.0,1,2.7,2,False.
2292,VA,121,415,357-7064,no,no,0,134.1,112,22.8,195.1,104,16.58,159.6,139,7.18,10.5,2,2.84,2,False.
448,GA,75,415,333-7637,no,no,0,117.3,114,19.94,201.1,61,17.09,107.9,82,4.86,12.2,3,3.29,1,False.
3320,GA,122,510,411-5677,yes,no,0,140.0,101,23.8,196.4,77,16.69,120.1,133,5.4,9.7,4,2.62,4,True.
603,MI,53,415,346-5707,no,no,0,57.5,95,9.78,265.5,131,22.57,244.3,128,10.99,11.6,6,3.13,3,False.
1784,DE,51,415,420-6465,yes,no,0,153.6,108,26.11,232.9,85,19.8,214.2,92,9.64,14.1,4,3.81,0,True.
736,UT,68,415,398-3834,no,no,0,162.1,86,27.56,155.0,86,13.18,189.7,87,8.54,11.0,9,2.97,5,True.
2038,TX,136,408,335-4888,no,no,0,269.8,106,45.87,228.8,101,19.45,257.5,106,11.59,10.1,8,2.73,1,True.
676,MA,42,408,364-6801,no,no,0,241.2,134,41.0,116.5,114,9.9,152.2,91,6.85,10.6,4,2.86,0,False.
2727,PA,92,415,409-2917,yes,no,0,255.8,125,43.49,142.7,111,12.13,181.2,101,8.15,11.7,3,3.16,0,False.
27,MT,54,408,418-6412,no,no,0,134.3,73,22.83,155.5,100,13.22,102.1,68,4.59,14.7,4,3.97,3,False.
2905,MN,135,408,340-8177,no,no,0,155.2,100,26.38,135.9,84,11.55,184.6,82,8.31,3.8,9,1.03,3,False.
835,GA,27,510,403-6850,no,no,0,72.7,75,12.36,208.6,117,17.73,65.8,71,2.96,9.9,3,2.67,1,False.
2942,GA,117,415,328-5188,yes,no,0,287.4,118,48.86,259.6,84,22.07,153.2,86,6.89,10.0,3,2.7,1,True.
1378,IL,58,415,404-9348,yes,yes,43,142.8,96,24.28,272.3,100,23.15,193.4,105,8.7,8.9,4,2.4,1,False.
3022,LA,123,415,382-7659,no,yes,33,146.6,87,24.92,114.8,59,9.76,220.4,99,9.92,2.9,7,0.78,0,False.
1740,ND,153,415,386-1631,no,yes,31,218.5,130,37.15,134.2,103,11.41,118.9,105,5.35,9.4,6,2.54,0,False.
2568,MS,102,510,329-9689,yes,no,0,224.2,81,38.11,243.3,90,20.68,147.8,66,6.65,12.0,8,3.24,3,False.
1989,MT,124,415,420-5652,no,yes,30,144.5,35,24.57,262.3,101,22.3,226.5,82,10.19,12.0,7,3.24,2,False.
1023,AR,100,510,363-5853,no,no,0,142.5,87,24.23,195.7,88,16.63,122.1,117,5.49,7.8,8,2.11,2,False.
2305,NE,123,415,330-6208,no,no,0,150.0,98,25.5,89.8,95,7.63,326.0,91,14.67,11.1,3,3.0,3,False.
501,FL,124,415,397-1649,no,yes,28,251.4,104,42.74,225.1,89,19.13,251.9,121,11.34,7.5,5,2.03,1,False.
3146,MS,143,510,406-7670,no,no,0,155.4,112,26.42,290.9,92,24.73,228.4,91,10.28,13.9,5,3.75,1,False.
1483,NV,107,510,419-9688,yes,no,0,234.1,91,39.8,163.1,105,13.86,282.5,100,12.71,10.0,3,2.7,1,False.
2020,SD,108,415,390-9986,no,no,0,240.2,78,40.83,230.3,109,19.58,217.0,83,9.76,5.2,1,1.4,2,False.
2268,AR,86,408,329-8115,no,yes,16,145.7,88,24.77,191.0,129,16.24,215.5,82,9.7,11.3,7,3.05,0,False.
1303,VA,10,415,352-5697,no,no,0,222.2,127,37.77,153.1,125,13.01,227.4,80,10.23,12.9,4,3.48,1,False.
2856,IA,123,415,420-6052,no,no,0,204.4,88,34.75,137.5,111,11.69,226.0,100,10.17,10.0,4,2.7,0,False.
2705,HI,101,415,400-5511,no,no,0,253.2,89,43.04,237.9,114,20.22,154.3,85,6.94,9.7,7,2.62,4,False.
468,AZ,86,415,392-2381,no,yes,32,70.9,163,12.05,166.7,121,14.17,244.9,105,11.02,11.1,5,3.0,3,False.
1263,MA,40,408,351-7005,no,yes,31,224.7,69,38.2,134.5,81,11.43,120.3,104,5.41,7.5,5,2.03,1,True.
434,PA,61,408,383-8848,no,yes,31,288.7,101,49.08,203.8,102,17.32,203.2,49,9.14,8.6,3,2.32,0,False.
1656,ND,101,415,379-4583,no,yes,28,105.9,132,18.0,231.7,107,19.69,281.3,120,12.66,10.7,5,2.89,1,False.
2612,KY,73,510,377-8309,no,no,0,234.7,102,39.9,195.7,110,16.63,253.4,71,11.4,8.4,8,2.27,2,False.
444,WI,85,408,381-5878,yes,no,0,165.4,107,28.12,196.0,126,16.66,349.2,110,15.71,9.6,7,2.59,2,False.
2411,WI,165,408,360-5636,no,no,0,156.0,88,26.52,276.1,81,23.47,175.9,94,7.92,9.3,5,2.51,1,False.
2448,VA,138,415,359-7521,no,no,0,251.0,119,42.67,91.2,96,7.75,142.2,87,6.4,13.8,3,3.73,3,False.
1943,NV,125,510,336-1574,no,no,0,168.6,99,28.66,175.6,107,14.93,243.3,92,10.95,10.9,7,2.94,0,False.
87,WV,111,510,412-9997,no,no,0,214.3,118,36.43,208.5,76,17.72,182.4,98,8.21,12.0,2,3.24,1,False.
1409,NJ,1,415,420-6780,no,yes,30,183.1,95,31.13,232.6,110,19.77,248.3,110,11.17,8.4,2,2.27,0,False.
2080,MO,109,415,389-4695,no,no,0,200.1,72,34.02,300.9,120,25.58,236.0,68,10.62,11.9,5,3.21,0,False.
2381,WV,64,415,357-2748,no,yes,22,200.4,80,34.07,131.1,84,11.14,230.7,67,10.38,7.6,5,2.05,1,False.
2284,PA,114,415,417-4266,no,no,0,155.3,75,26.4,169.9,87,14.44,207.0,133,9.32,12.6,5,3.4,2,False.
297,AR,36,415,346-9317,no,no,0,157.6,117,26.79,184.3,58,15.67,240.4,99,10.82,11.9,1,3.21,0,False.
2356,FL,105,415,358-2490,no,no,0,273.8,97,46.55,289.7,106,24.62,269.1,126,12.11,5.8,3,1.57,2,True.
8,LA,117,408,335-4719,no,no,0,184.5,97,31.37,351.6,80,29.89,215.8,90,9.71,8.7,4,2.35,1,False.
2707,RI,46,408,404-9775,no,no,0,40.4,105,6.87,172.4,83,14.65,145.1,89,6.53,9.0,2,2.43,2,False.
3248,NJ,93,415,405-3533,no,no,0,146.3,85,24.87,216.6,95,18.41,233.0,82,10.49,11.5,3,3.11,0,False.
614,DC,41,408,329-6191,no,yes,37,239.8,110,40.77,221.9,115,18.86,189.1,100,8.51,7.3,1,1.97,2,False.
2995,AZ,69,415,419-3937,no,yes,31,194.9,63,33.13,191.6,90,16.29,153.0,129,6.89,13.2,2,3.56,2,False.
2776,IN,130,408,360-9005,no,yes,30,185.0,117,31.45,249.5,141,21.21,157.8,103,7.1,7.4,7,2.0,0,False.
1949,WI,73,415,419-4894,no,no,0,157.1,109,26.71,268.8,83,22.85,181.5,91,8.17,10.0,8,2.7,0,False.
1355,TX,50,408,330-6436,no,yes,31,302.7,93,51.46,240.5,119,20.44,193.9,103,8.73,13.6,14,3.67,3,False.
936,NE,91,510,334-1508,no,yes,37,162.3,107,27.59,233.9,115,19.88,277.4,94,12.48,9.2,4,2.48,0,False.
1997,KS,93,415,418-3135,no,no,0,266.0,120,45.22,130.1,84,11.06,165.8,63,7.46,13.1,6,3.54,3,False.
2863,ME,28,415,402-5014,no,no,0,236.8,102,40.26,167.1,87,14.2,280.2,115,12.61,9.7,3,2.62,3,False.
69,TX,150,510,374-8042,no,no,0,178.9,101,30.41,169.1,110,14.37,148.6,100,6.69,13.8,3,3.73,4,True.
1693,OK,123,415,393-3635,no,yes,27,198.7,127,33.78,249.0,105,21.17,173.2,124,7.79,12.5,5,3.38,1,False.
2458,LA,163,408,371-5875,no,yes,23,224.0,126,38.08,233.5,89,19.85,293.9,104,13.23,8.8,4,2.38,1,False.
1625,WI,100,510,369-3756,no,yes,38,224.7,121,38.2,294.0,131,24.99,290.0,61,13.05,9.8,6,2.65,0,False.
579,CT,72,408,388-4879,no,yes,21,186.7,108,31.74,335.0,86,28.48,187.2,119,8.42,16.5,4,4.46,1,False.
1630,ND,84,510,384-5027,no,no,0,226.9,144,38.57,201.6,122,17.14,130.2,121,5.86,13.2,5,3.56,2,False.
981,MO,103,408,372-9816,no,yes,24,111.8,85,19.01,239.6,102,20.37,268.3,81,12.07,6.9,4,1.86,1,False.
907,UT,118,415,355-3602,no,yes,24,118.1,83,20.08,109.6,72,9.32,245.5,73,11.05,16.9,2,4.56,1,False.
2223,ID,134,415,345-4473,no,no,0,204.7,108,34.8,143.1,105,12.16,165.8,84,7.46,11.0,4,2.97,6,False.
2637,MT,109,510,415-9649,no,no,0,154.8,82,26.32,287.7,109,24.45,208.4,80,9.38,5.9,9,1.59,3,False.
170,CO,68,408,338-9398,no,no,0,237.1,105,40.31,223.5,105,19.0,97.4,79,4.38,13.2,2,3.56,1,False.
2152,HI,155,415,346-8362,yes,yes,26,211.7,121,35.99,139.2,123,11.83,146.7,89,6.6,11.1,3,3.0,1,False.
1179,CO,101,408,420-9009,no,yes,23,262.2,101,44.57,157.0,80,13.35,129.1,100,5.81,7.3,14,1.97,1,False.
573,FL,64,408,410-7108,no,yes,31,228.6,88,38.86,248.5,109,21.12,167.1,124,7.52,9.0,1,2.43,3,False.
2052,NV,183,415,330-3429,no,no,0,116.7,92,19.84,213.8,112,18.17,214.3,112,9.64,9.7,6,2.62,2,False.
558,MT,74,408,339-7541,no,no,0,174.1,96,29.6,251.1,94,21.34,257.6,123,11.59,8.3,5,2.24,2,True.
365,CO,154,415,343-5709,no,no,0,350.8,75,59.64,216.5,94,18.4,253.9,100,11.43,10.1,9,2.73,1,True.
1254,MN,62,510,390-9811,no,yes,33,186.4,84,31.69,201.0,136,17.09,286.7,103,12.9,11.1,3,3.0,2,True.
1373,SC,108,415,399-6233,no,no,0,112.0,105,19.04,193.7,110,16.46,208.9,93,9.4,4.1,4,1.11,4,True.
458,DC,11,415,343-1323,no,yes,28,190.6,86,32.4,220.1,122,18.71,180.3,80,8.11,6.0,3,1.62,3,False.
2895,AR,33,415,411-8956,yes,no,0,164.0,99,27.88,153.1,102,13.01,123.8,104,5.57,6.4,4,1.73,0,False.
923,MS,1,415,408-3977,no,no,0,144.8,107,24.62,112.5,66,9.56,218.7,79,9.84,13.8,3,3.73,1,False.
2314,VA,43,408,387-5411,no,yes,35,200.2,105,34.03,244.4,88,20.77,207.2,97,9.32,11.6,4,3.13,3,False.
1345,SD,98,415,392-2555,no,no,0,0.0,0,0.0,159.6,130,13.57,167.1,88,7.52,6.8,1,1.84,4,True.
